	A091170	A091180	A099140	A102970	A132030	A133690	A139220	A139230	A139260	A139280	A139290	A143860	A147970	A148070	A157490	A182480	A185680	A195970	A195980	A200030	A203780	A218420	A227550	A228790	A228800	A232080	A245710	A251350	A256440	A261220	A266410	A273130	A276000	A276970	A276990	A278530	A280930	A283580	A294400	A304660	A304940	A305080	A305540	A305720	A308620	A309230	A329200	A329750	A332620	A352560	A357870	A360750	A371160	A371470	A379800	A379810	A385510	A385560	A390390	A394660	A394670	A396500	A396510	A399580	A402970	A409810	A411060	A414270	A414780	A418670	A419420	A419430	A426020	A426030	A430500	A434060	A437080	A438330	A441800	A446720	A446770	A448290	A448300	A449450	A452360	A453630	A453640	A453650	A453660	A453850	A453870	A455030	A455660	A455890	A456610	A456880	A458730	A458760	A459580	A461490	A463640	A463680	A463690	A464470	A464930	A468370	A468380	A473330	A474220	A476760	A477080	A498400
2021-07-31	5761.0	20199.0	17036.0	6729.0	12343.0	74506.0	3185.0	3647.0	36282.0	11230.0	16843.0	42576.0	23472.0	109654.0	18715.0	12544.0	31370.0	12255.0	12260.0	20930.0	21365.0	6710.0	6955.0	3629.0	5151.0	14513.0	21055.0	18822.0	7764.0	11060.0	8894.0	108056.0	13484.0	7580.0	17615.0	13885.0	14410.0	12754.0	50540.0	12680.0	18698.0	11927.0	20037.0	20631.0	11638.0	16761.0	4134.0	9291.0	97228.0	12353.0	50312.0	11938.0	8439.0	12005.0	10775.0	11073.0	10547.0	91900.0	9831.0	10464.0	10839.0																																																			
2021-08-31	5865.0	20053.0	16995.0	6935.0	12254.0	79254.0	3134.0	3414.0	35429.0	11775.0	16598.0	46255.0	23109.0	109498.0	18222.0	12757.0	33005.0	12475.0	12394.0	21335.0	22561.0	6655.0	7054.0	3472.0	5344.0	15095.0	21429.0	19621.0	8182.0	10515.0	8845.0	108233.0	13089.0	7822.0	18480.0	13735.0	14769.0	12950.0	50110.0	12725.0	19740.0	11987.0	20359.0	21481.0	11667.0	17376.0	4164.0	9377.0	97859.0	12674.0	50337.0	12455.0	8311.0	11096.0	11271.0	11783.0	11145.0	91627.0	10541.0	10711.0	11244.0	8739.0	10542.0																																																	
2021-09-30	6021.0	18752.0	16723.0	6545.0	11642.0	76802.0	3167.0	3258.0	33570.0	11002.0	15751.0	41710.0	23778.0	106767.0	15891.0	12327.0	32505.0	12015.0	12025.0	20880.0	21836.0	7400.0	6558.0	3138.0	5652.0	14731.0	21977.0	19329.0	8445.0	11415.0	8201.0	106765.0	13074.0	7675.0	18225.0	13180.0	14595.0	13361.0	47855.0	12285.0	18713.0	12051.0	23556.0	23515.0	11717.0	17124.0	4226.0	9589.0	97512.0	12146.0	50372.0	12325.0	7947.0	11618.0	11130.0	11409.0	12270.0	85205.0	10127.0	10474.0	10939.0	8319.0	10330.0																																																	
2021-10-31	6008.0	18993.0	17019.0	6576.0	12085.0	79802.0	2990.0	3369.0	32839.0	10148.0	15922.0	36602.0	22375.0	103794.0	16735.0	13059.0	32375.0	12375.0	12120.0	21210.0	21221.0	7945.0	5874.0	3098.0	5311.0	14403.0	22835.0	19758.0	9252.0	12665.0	7948.0	104963.0	13848.0	7763.0	18615.0	12775.0	14864.0	13514.0	46385.0	12465.0	19676.0	11802.0	22407.0	22276.0	11426.0	17220.0	4328.0	9437.0	97586.0	12962.0	50407.0	12669.0	8204.0	10828.0	11442.0	11852.0	11609.0	79586.0	10462.0	11152.0	11998.0	8251.0	11114.0	10372.0	8501.0																																															
2021-11-30	5592.0	17108.0	15983.0	6095.0	12055.0	84663.0	2729.0	2802.0	33283.0	9626.0	14108.0	35749.0	20771.0	107215.0	16619.0	13108.0	30065.0	11761.0	11585.0	21420.0	20845.0	7555.0	5245.0	2564.0	4179.0	14503.0	23433.0	19837.0	9227.0	10650.0	7235.0	106613.0	13434.0	7645.0	19010.0	12275.0	14360.0	13526.0	44645.0	12785.0	20559.0	12126.0	23432.0	22825.0	11746.0	17124.0	4210.0	9602.0	97662.0	12771.0	50457.0	12991.0	7759.0	11027.0	11727.0	12557.0	11462.0	85120.0	12069.0	11583.0	12523.0	8762.0	10493.0	9868.0	8566.0																																															
2021-12-31	5953.0	18740.0	15556.0	6729.0	12075.0	85537.0	2848.0	3050.0	36234.0	9934.0	15627.0	36642.0	22493.0	107023.0	16549.0	13890.0	29470.0	12380.0	11660.0	22000.0	20552.0	7780.0	5897.0	2742.0	4637.0	15205.0	23179.0	20628.0	9192.0	11950.0	7610.0	106627.0	14143.0	7967.0	19870.0	13080.0	14485.0	13846.0	47515.0	12470.0	20747.0	12091.0	23030.0	22009.0	11702.0	17913.0	4358.0	9598.0	99392.0	13641.0	50507.0	13522.0	7094.0	9835.0	12210.0	12720.0	11698.0	83804.0	12329.0	11588.0	11414.0	10113.0	10182.0	8884.0	9070.0	9870.0	10095.0																																													
2022-01-31	5999.0	16943.0	16054.0	6140.0	12060.0	74573.0	2590.0	2684.0	32633.0	8741.0	14447.0	29879.0	20977.0	104332.0	13246.0	12506.0	22670.0	11566.0	11350.0	21035.0	17511.0	9430.0	5343.0	2442.0	4209.0	12512.0	23513.0	19262.0	9386.0	13670.0	7113.0	105071.0	14797.0	7718.0	17120.0	11910.0	12565.0	13122.0	43300.0	12145.0	17825.0	11937.0	18693.0	18311.0	11608.0	17144.0	4184.0	9726.0	95108.0	12236.0	50557.0	12475.0	7031.0	8371.0	11271.0	11078.0	9222.0	78894.0	10452.0	10489.0	10300.0	9245.0	9482.0	7626.0	8807.0	11365.0	10235.0		9543.0																																											
2022-02-28	6212.0	16139.0	15474.0	6416.0	12811.0	72756.0	2776.0	3045.0	32258.0	9168.0	14023.0	30296.0	21870.0	103911.0	13060.0	12601.0	23620.0	11106.0	11100.0	20340.0	17317.0	9770.0	5840.0	2883.0	4752.0	12532.0	23329.0	19034.0	9655.0	15380.0	7501.0	104766.0	15556.0	7489.0	16665.0	12010.0	12830.0	13079.0	43810.0	11905.0	17463.0	11842.0	18648.0	18035.0	11529.0	17003.0	4339.0	9679.0	90470.0	12223.0	50612.0	12277.0	6671.0	8495.0	11086.0	10818.0	10057.0	77078.0	10467.0	10310.0	10290.0	8917.0	10005.0	8125.0	8719.0	11435.0	10675.0	10132.0	9508.0	10462.0																																										
2022-03-31	6452.0	16268.0	14677.0	6527.0	12935.0	80113.0	2985.0	3040.0	32434.0	9386.0	14117.0	31652.0	23444.0	101546.0	13960.0	13573.0	24150.0	11611.0	10890.0	22135.0	18676.0	11030.0	6209.0	2757.0	4988.0	13261.0	23094.0	20418.0	10217.0	16870.0	7274.0	103382.0	16980.0	7870.0	17080.0	12180.0	13593.0	12137.0	44355.0	11240.0	19041.0	11544.0	20092.0	19453.0	11233.0	17955.0	4506.0	9764.0	88502.0	13118.0	50666.0	13314.0	5986.0	8266.0	12025.0	11907.0	10783.0	73594.0	11215.0	10929.0	10599.0	9147.0	9438.0	9251.0	9205.0	10430.0	10910.0	10316.0	8455.0	11440.0	10448.0	9740.0																																								
2022-04-30	6240.0	16842.0	14561.0	6241.0	12836.0	73437.0	2911.0	3133.0	31091.0	9563.0	14484.0	30841.0	23303.0	99602.0	12105.0	13515.0	21040.0	10676.0	10195.0	21585.0	17620.0	11405.0	6158.0	2972.0	4778.0	12657.0	22616.0	19582.0	11053.0	17505.0	7610.0	101850.0	16356.0	7994.0	15190.0	11820.0	12466.0	11410.0	43110.0	10310.0	16858.0	11613.0	20305.0	19695.0	11292.0	17560.0	4749.0	10117.0	84696.0	12925.0	50751.0	12789.0	6001.0	7402.0	11562.0	10903.0	10455.0	66891.0	10055.0	9884.0	9406.0	8643.0	8338.0	8565.0	9249.0	11695.0	11185.0	8768.0	7187.0	11315.0	8882.0	8445.0																																								
2022-05-31	6359.0	17144.0	14691.0	6113.0	12383.0	68741.0	2776.0	3055.0	30187.0	9241.0	14761.0	30158.0	23307.0	99182.0	11858.0	12072.0	19435.0	10876.0	10135.0	20605.0	17227.0	13135.0	6513.0	2599.0	4593.0	12711.0	20556.0	18970.0	10083.0	19955.0	7164.0	101855.0	17284.0	7668.0	15125.0	11890.0	12251.0	11382.0	42960.0	10015.0	15994.0	11444.0	20992.0	20051.0	11159.0	16871.0	4659.0	9976.0	84281.0	12043.0	50806.0	12272.0	6006.0	6891.0	11101.0	10226.0	10863.0	67719.0	10055.0	9979.0	10475.0	8381.0	9186.0	8888.0	9259.0	12200.0	10715.0	8837.0	7706.0	10028.0	9268.0	9420.0	10076.0	10131.0	95839.0																																					
2022-06-30	5116.0	15625.0	16179.0	5139.0	12124.0	65390.0	2410.0	3040.0	25851.0	8782.0	13436.0	28194.0	20269.0	96746.0	9791.0	11009.0	21200.0	9786.0	9516.0	19645.0	17747.0	11115.0	5821.0	2127.0	3761.0	10616.0	20372.0	18062.0	9963.0	18725.0	6571.0	99520.0	14692.0	7200.0	13805.0	10280.0	10990.0	13177.0	37355.0	9730.0	14382.0	11842.0	17649.0	17238.0	11549.0	16170.0	4158.0	10471.0	83896.0	10949.0	50881.0	11709.0	6808.0	8405.0	10596.0	9705.0	10161.0	61691.0	8774.0	9028.0	10580.0	6875.0	10552.0	8781.0	8810.0	13385.0	10980.0	9768.0	8729.0	9813.0	8792.0	12150.0	9462.0	9416.0	96849.0	9455.0																																				
2022-07-31	5052.0	17005.0	14730.0	5371.0	11761.0	73194.0	2415.0	2922.0	27553.0	9130.0	14321.0	30452.0	20388.0	101139.0	10384.0	12047.0	23430.0	10131.0	9481.0	21390.0	18949.0	11480.0	5987.0	2239.0	3770.0	11582.0	19878.0	19495.0	10058.0	17035.0	6787.0	102130.0	14503.0	7532.0	15500.0	10820.0	12087.0	12204.0	39375.0	10045.0	16133.0	12215.0	18733.0	18565.0	11880.0	17617.0	4041.0	10471.0	87563.0	12071.0	50961.0	12714.0	6110.0	7904.0	11505.0	10868.0	10780.0	69264.0	10142.0	9929.0	10729.0	7255.0	10646.0	10206.0	9152.0	11890.0	10605.0	10087.0	8499.0	10078.0	10393.0	11340.0	10296.0	10540.0	98406.0	10009.0																																				
2022-08-31	5043.0	16932.0	15096.0	5208.0	11438.0	72811.0	2708.0	3279.0	27503.0	8918.0	14239.0	29704.0	21555.0	96388.0	10099.0	11474.0	24275.0	9746.0	9486.0	21990.0	19014.0	12670.0	6177.0	2190.0	4050.0	11562.0	21364.0	19359.0	10834.0	16405.0	6651.0	99476.0	15347.0	7267.0	15150.0	10770.0	12022.0	12072.0	39350.0	9655.0	15513.0	12156.0	19818.0	19848.0	11830.0	17710.0	4087.0	10811.0	87132.0	11402.0	51081.0	12825.0	6228.0	7859.0	11596.0	10818.0	11875.0	60626.0	9745.0	10390.0	11279.0	7026.0	9980.0	10744.0	9351.0	12290.0	10685.0	10062.0	8130.0	11025.0	11350.0	10320.0	10520.0	10610.0	97306.0	9938.0	91748.0	97565.0																																		
2022-09-30	4455.0	14758.0	13942.0	4435.0	11045.0	70154.0	2308.0	2668.0	23885.0	8256.0	12768.0	25613.0	19196.0	93817.0	8435.0	9773.0	24410.0	8647.0	8256.0	21090.0	19713.0	12055.0	5229.0	1876.0	3601.0	9659.0	19863.0	18635.0	11541.0	14475.0	6250.0	97367.0	13749.0	6588.0	14125.0	9435.0	10780.0	11661.0	34285.0	8930.0	13945.0	12449.0	16141.0	16821.0	12112.0	17062.0	3801.0	11571.0	83628.0	9689.0	51191.0	12485.0	5356.0	7174.0	11280.0	10414.0	9994.0	56534.0	8998.0	9528.0	10694.0	6084.0	9610.0	9809.0	9251.0	13570.0	10900.0	9275.0	7736.0	10542.0	10730.0	9390.0	10131.0	10091.0	96464.0	9644.0	87235.0	96731.0	7090.0																																	
2022-10-31	4751.0	14755.0	11863.0	4547.0	10851.0	71626.0	2467.0	2613.0	26829.0	8422.0	12560.0	26859.0	20667.0	93039.0	8164.0	10236.0	25845.0	9226.0	7981.0	23490.0	21306.0	14730.0	5688.0	1714.0	3279.0	10195.0	16533.0	19890.0	11447.0	15750.0	6088.0	96520.0	15092.0	7076.0	14820.0	10050.0	11817.0	10448.0	36495.0	8310.0	14273.0	12270.0	19847.0	21385.0	11875.0	17895.0	3266.0	11529.0	80509.0	10060.0	51306.0	13253.0	4460.0	7234.0	11975.0	10634.0	11006.0	53435.0	9067.0	9810.0	10664.0	6635.0	9245.0	9554.0	10088.0	13125.0	10850.0	8733.0	7955.0	10771.0	10566.0	8500.0	10615.0	10356.0	95892.0	9933.0	86436.0	96289.0	7470.0																																	
2022-11-30	5330.0	14945.0	13659.0	5199.0	11557.0	66453.0	2728.0	2961.0	28259.0	8807.0	12941.0	26754.0	21502.0	97767.0	9054.0	10697.0	22920.0	10201.0	8951.0	22965.0	20269.0	14000.0	6168.0	2073.0	3737.0	10477.0	15740.0	19140.0	10735.0	14430.0	6837.0	98604.0	16161.0	7524.0	14720.0	10790.0	11743.0	10783.0	39210.0	8780.0	14248.0	11544.0	20529.0	22108.0	11253.0	17149.0	3484.0	10675.0	81207.0	10405.0	51456.0	12499.0	5302.0	7368.0	11315.0	9885.0	11836.0	58899.0	9510.0	9454.0	9900.0	7052.0	8634.0	9603.0	9814.0	13080.0	10745.0	8509.0	7322.0	8945.0	9720.0	8220.0	9877.0	9506.0	98431.0	9857.0	89021.0	96836.0	7812.0	8883.0	9822.0	9643.0	9616.0																													
2022-12-31	5183.0	13721.0	14089.0	5011.0	11876.0	59460.0	2410.0	2800.0	24949.0	8773.0	12378.0	26125.0	20577.0	97189.0	8695.0	10106.0	21630.0	10081.0	8866.0	21450.0	18979.0	12595.0	5641.0	2293.0	4088.0	9808.0	15476.0	17856.0	9799.0	14315.0	7139.0	99830.0	15921.0	7417.0	13620.0	9925.0	10995.0	10751.0	36055.0	8610.0	13196.0	11046.0	16723.0	17856.0	10725.0	15931.0	3598.0	10288.0	76819.0	9959.0	51630.0	11476.0	5716.0	7253.0	10416.0	8837.0	10122.0	59110.0	8437.0	8003.0	8337.0	6322.0	8047.0	9094.0	9188.0	14015.0	10710.0	7493.0	7117.0	7902.0	7703.0	7980.0	9013.0	8502.0	98508.0	9322.0	88792.0	97998.0	7490.0	8336.0	8624.0	9189.0	8926.0																													
2023-01-31	5882.0	14945.0	15031.0	5541.0	12532.0	64111.0	2747.0	2917.0	28080.0	8669.0	13198.0	25911.0	20849.0	100707.0	9519.0	11172.0	23410.0	10751.0	9496.0	21535.0	19351.0	12815.0	6016.0	2427.0	4291.0	10422.0	16767.0	18630.0	9993.0	14120.0	7178.0	103017.0	16635.0	7441.0	15230.0	10825.0	12032.0	11592.0	39345.0	9110.0	14605.0	10966.0	19260.0	20468.0	10631.0	17181.0	3708.0	10040.0	79613.0	10812.0	51785.0	11860.0	6046.0	7780.0	10735.0	9531.0	10697.0	64825.0	9653.0	9221.0	9665.0	7194.0	8792.0	9075.0	9016.0	12655.0	10940.0	8658.0	7526.0	8247.0	8713.0	8945.0	9447.0	9197.0	100532.0	9707.0	91228.0	100290.0	7938.0	8163.0	10266.0	9721.0	9870.0	10115.0																												
2023-02-28	5541.0	15943.0	14571.0	5690.0	11831.0	69980.0	2675.0	2868.0	28757.0	8165.0	13622.0	25139.0	20600.0	97461.0	9584.0	10908.0	23450.0	10456.0	8806.0	23330.0	19634.0	13130.0	5902.0	2357.0	4156.0	11665.0	16353.0	19696.0	10436.0	13830.0	6948.0	101835.0	15561.0	7580.0	16365.0	10720.0	12042.0	11699.0	38975.0	8640.0	14804.0	11454.0	22564.0	22917.0	11095.0	18414.0	3712.0	10835.0	80773.0	10396.0	51925.0	12645.0	5666.0	7601.0	11466.0	10404.0	11675.0	60843.0	10654.0	9954.0	9446.0	7305.0	8673.0	9398.0	9555.0	12440.0	11010.0	8982.0	7536.0	9180.0	9298.0	8310.0	9961.0	9901.0	99371.0	10056.0	89233.0	100373.0	8018.0	8643.0	11174.0	9682.0	10046.0	10001.0																												
2023-03-31	5145.0	16298.0	15007.0	5275.0	12881.0	73885.0	2926.0	2897.0	29658.0	8170.0	13871.0	25568.0	20868.0	101223.0	9127.0	10214.0	21200.0	10771.0	9051.0	22670.0	19316.0	12480.0	6044.0	2259.0	4098.0	12815.0	17061.0	19705.0	10541.0	13465.0	6846.0	103845.0	15452.0	7416.0	16415.0	10985.0	11239.0	11699.0	39995.0	8980.0	15875.0	11574.0	28394.0	27395.0	11184.0	18554.0	3563.0	10682.0	81143.0	9918.0	52085.0	12664.0	6051.0	7219.0	11480.0	11000.0	13226.0	64778.0	11430.0	9840.0	9231.0	8029.0	8170.0	9325.0	9126.0	11580.0	11850.0	8798.0	8215.0	9040.0	8742.0	7995.0	10431.0	10715.0	102693.0	10136.0	90850.0	101904.0	7875.0	8282.0	12177.0	9834.0	10790.0	10508.0	9238.0	9461.0	9749.0	9849.0	10067.0	8769.0																						
2023-04-30	5175.0	16790.0	14929.0	5340.0	12871.0	77037.0	3085.0	3166.0	29184.0	8325.0	14118.0	26879.0	22468.0	101404.0	8888.0	10450.0	22805.0	11006.0	8856.0	23095.0	20255.0	13195.0	6096.0	2162.0	3756.0	13244.0	17101.0	20733.0	11476.0	13665.0	6736.0	104056.0	15437.0	7639.0	16520.0	11120.0	11099.0	11811.0	40460.0	9030.0	16039.0	11967.0	29983.0	28080.0	11534.0	19480.0	3541.0	11045.0	85534.0	10085.0	52225.0	13289.0	5691.0	7546.0	12049.0	11453.0	13600.0	64321.0	10932.0	9577.0	8956.0	7689.0	7909.0	9305.0	9326.0	11475.0	12205.0	8444.0	8415.0	8880.0	7942.0	7790.0	10695.0	10865.0	102995.0	10459.0	91377.0	102178.0	7908.0	8430.0	11858.0	10012.0	10910.0	11631.0	9147.0	10158.0	10313.0	10368.0	10443.0	8797.0	9760.0	9913.0	8143.0			10130.0																
2023-05-31	5281.0	17319.0	13489.0	5612.0	12662.0	83116.0	3070.0	3275.0	31789.0	8307.0	14240.0	27827.0	22570.0	100368.0	8750.0	10215.0	24010.0	10581.0	8791.0	22570.0	19520.0	12015.0	6106.0	2093.0	3712.0	13348.0	17196.0	20510.0	11019.0	12635.0	6257.0	103347.0	14223.0	7416.0	17195.0	11590.0	11104.0	10751.0	42125.0	8775.0	17418.0	11728.0	29725.0	28671.0	11302.0	19488.0	3787.0	10939.0	81119.0	9689.0	52370.0	13360.0	5145.0	6593.0	12131.0	12374.0	13310.0	60811.0	13140.0	10102.0	9101.0	8622.0	7307.0	9026.0	8998.0	10565.0	11975.0	8713.0	7930.0	9788.0	8420.0	7465.0	11738.0	12474.0	102161.0	10341.0	90503.0	101939.0	7913.0	8153.0	14554.0	10134.0	11863.0	11558.0	8912.0	9412.0	9771.0	10042.0	10731.0	8580.0	9896.0	9846.0	8093.0	49427.0	49667.0	10040.0																
2023-06-30	5161.0	17812.0	14203.0	5408.0	12244.0	86564.0	3012.0	3749.0	31981.0	7843.0	14459.0	26380.0	23887.0	99190.0	8068.0	10687.0	23670.0	10891.0	9016.0	24470.0	19570.0	12440.0	6271.0	2176.0	3722.0	13482.0	17849.0	21374.0	10790.0	12695.0	5947.0	102751.0	14643.0	7608.0	17880.0	11580.0	11857.0	10714.0	42210.0	8685.0	18177.0	11464.0	29885.0	27351.0	11021.0	20532.0	3713.0	10936.0	82138.0	10258.0	52544.0	13968.0	5606.0	6241.0	12676.0	12896.0	14052.0	59603.0	13307.0	10924.0	9521.0	9092.0	7396.0	8791.0	9289.0	10130.0	11630.0	9251.0	7416.0	9743.0	8668.0	7400.0	12143.0	12883.0	102195.0	10613.0	90217.0	102067.0	8121.0	8402.0	14530.0	10627.0	12368.0	12666.0	9215.0	9547.0	10032.0	10386.0	11666.0	8510.0	10252.0	9832.0	8149.0	49599.0	49662.0	10035.0	9161.0	7430.0	974593.0	10002.0												
2023-07-31	5325.0	17347.0	14990.0	5363.0	12527.0	87878.0	3475.0	3974.0	31549.0	7789.0	13937.0	26674.0	24322.0	99144.0	8853.0	10978.0	23000.0	11336.0	9491.0	24535.0	19227.0	12840.0	6415.0	2157.0	3461.0	15800.0	18766.0	21495.0	10541.0	14620.0	5898.0	103145.0	15477.0	7769.0	17505.0	11820.0	12441.0	11035.0	43055.0	8485.0	19026.0	11026.0	38038.0	33870.0	10656.0	20769.0	3549.0	10592.0	79433.0	10439.0	52694.0	14061.0	6391.0	6330.0	12754.0	13099.0	16041.0	60061.0	13749.0	11266.0	9471.0	9640.0	6943.0	8580.0	9407.0	9685.0	11485.0	9793.0	6917.0	9708.0	9021.0	7240.0	12437.0	13243.0	103240.0	10710.0	90474.0	102431.0	8961.0	8514.0	14667.0	11027.0	12954.0	11831.0	9646.0	9523.0	9979.0	10641.0	11493.0	8318.0	10189.0	9549.0	8233.0	49767.0	48088.0	9725.0	9288.0	7430.0	977559.0	10002.0												
2023-08-31	5455.0	17029.0	14215.0	5521.0	12403.0	89684.0	3227.0	3852.0	30306.0	8075.0	13932.0	26919.0	23862.0	99058.0	8755.0	10781.0	22925.0	10901.0	8881.0	25100.0	20111.0	13745.0	6236.0	2646.0	3790.0	15118.0	19270.0	21925.0	10690.0	14960.0	6409.0	103401.0	15087.0	7535.0	16900.0	11480.0	11957.0	10537.0	41755.0	8215.0	18644.0	11389.0	34177.0	29271.0	10883.0	20807.0	3587.0	11064.0	80552.0	10185.0	52869.0	14423.0	5996.0	6156.0	13089.0	13375.0	14993.0	59504.0	13744.0	10657.0	8821.0	9200.0	6341.0	7998.0	9662.0	9875.0	11855.0	9221.0	6842.0	9828.0	8350.0	6690.0	12896.0	13453.0	103644.0	10794.0	90111.0	102883.0	8800.0	8740.0	14657.0	10879.0	12701.0	11333.0	9514.0	9567.0	10426.0	10868.0	11887.0	8053.0	10292.0	9952.0	8261.0	49954.0	50247.0	10170.0	9542.0	7627.0	980787.0	10121.0	9021.0	9954.0	9950.0	48926.0	10262.0							
2023-09-30	5575.0	17159.0	14014.0	5412.0	12060.0	86459.0	2997.0	3495.0	28890.0	7984.0	14017.0	26235.0	23550.0	97723.0	8157.0	9870.0	21610.0	10406.0	8506.0	23625.0	19669.0	14385.0	5883.0	2473.0	3529.0	13537.0	18203.0	21259.0	10586.0	16870.0	6243.0	102766.0	14897.0	7282.0	15540.0	11240.0	11064.0	10612.0	40890.0	7630.0	17552.0	11394.0	28403.0	24230.0	10794.0	19932.0	3495.0	11363.0	78180.0	9348.0	53034.0	13978.0	5691.0	6543.0	12671.0	12872.0	13270.0	57294.0	12823.0	10201.0	8122.0	8854.0	6134.0	7318.0	9431.0	10475.0	11835.0	8598.0	6613.0	10008.0	7613.0	6305.0	12207.0	12634.0	103102.0	10521.0	88481.0	102770.0	8898.0	8532.0	13501.0	10303.0	11823.0	10657.0	9109.0	9297.0	10304.0	10766.0	11443.0	7489.0	10619.0	10197.0	8085.0	50132.0	51431.0	10415.0	9343.0	7483.0	983924.0	9997.0	8929.0	9471.0	9701.0	46386.0	9696.0							
2023-10-31	5191.0	15069.0	13499.0	5155.0	12642.0	84497.0	2769.0	2844.0	27717.0	7750.0	12629.0	24809.0	22141.0	95944.0	7628.0	9292.0	19130.0	9991.0	8266.0	22790.0	18110.0	13415.0	5081.0	2369.0	3224.0	11711.0	16353.0	20505.0	9600.0	15620.0	5996.0	101909.0	14248.0	6908.0	14435.0	10505.0	10212.0	10230.0	38250.0	7160.0	17066.0	11195.0	22454.0	19388.0	10586.0	18904.0	3297.0	11383.0	73914.0	8791.0	53179.0	13555.0	5586.0	6926.0	12286.0	12591.0	11676.0	55231.0	12482.0	9122.0	7078.0	8553.0	5739.0	6437.0	8986.0	10780.0	12350.0	7896.0	6538.0	9344.0	5928.0	6065.0	11918.0	12434.0	103303.0	10241.0	86859.0	102584.0	8254.0	8123.0	13507.0	9968.0	11679.0	9957.0	8634.0	9030.0	9766.0	10280.0	10787.0	7026.0	10277.0	10239.0	7979.0	50290.0	51796.0	10470.0	8889.0	7152.0	986675.0	9932.0	8714.0	9467.0	9627.0	43744.0	9478.0	9202.0	8352.0					
2023-11-30	5696.0	16809.0	12960.0	5726.0	12905.0	90837.0	3100.0	3357.0	30974.0	8211.0	13647.0	27178.0	23199.0	100829.0	8981.0	10364.0	20695.0	10906.0	8741.0	23710.0	18120.0	12650.0	5835.0	2270.0	3238.0	13447.0	16528.0	21654.0	9968.0	14810.0	6077.0	105898.0	14767.0	7172.0	15885.0	11650.0	11244.0	9640.0	42380.0	7865.0	19140.0	11106.0	27027.0	23313.0	10596.0	20031.0	3474.0	10902.0	78765.0	10018.0	53358.0	14244.0	5470.0	6851.0	12923.0	13538.0	12984.0	62212.0	14137.0	9795.0	6888.0	10124.0	5310.0	6613.0	9152.0	9620.0	12120.0	7966.0	6248.0	10571.0	6252.0	5325.0	12811.0	13963.0	106376.0	10686.0	90878.0	104448.0	8869.0	8280.0	14984.0	10912.0	13525.0	11403.0	9179.0	8995.0	9819.0	10938.0	11649.0	7710.0	10282.0	9851.0	8365.0	50502.0	49617.0	10050.0	9016.0	7178.0	989668.0	10220.0	8748.0	10344.0	10083.0	46058.0	9795.0	9012.0	8391.0					
2023-12-31	5936.0	18042.0	12713.0	6052.0	13134.0	95985.0	3100.0	3470.0	32408.0	8947.0	14809.0	31274.0	24072.0	105043.0	9481.0	11550.0	25590.0	11481.0	9246.0	25765.0	20817.0	12855.0	6459.0	2424.0	3340.0	14283.0	17041.0	22828.0	10476.0	13980.0	6303.0	108218.0	15412.0	7454.0	17370.0	12395.0	12874.0	9469.0	45160.0	8550.0	20211.0	11429.0	27241.0	23308.0	10888.0	21734.0	3559.0	10963.0	85027.0	11141.0	53518.0	14969.0	5317.0	6216.0	13566.0	14296.0	13767.0	69431.0	15420.0	10508.0	7517.0	10538.0	5498.0	7533.0	9805.0	9175.0	12330.0	8444.0	6174.0	11674.0	7384.0	5370.0	13595.0	14907.0	108229.0	11236.0	93996.0	106322.0	9264.0	8861.0	16285.0	11445.0	13807.0	12049.0	9808.0	9284.0	10369.0	11606.0	12454.0	8431.0	11285.0	9874.0	8632.0	50694.0	49857.0	10090.0	9671.0	7577.0	992956.0	10563.0	8888.0	10740.0	10460.0	50219.0	10024.0	9233.0	8659.0	7271.0				
2024-01-31	6209.0	17458.0	11784.0	6088.0	12751.0	101702.0	3032.0	3299.0	29283.0	8506.0	14296.0	29722.0	22643.0	104053.0	8715.0	11001.0	25725.0	11496.0	8811.0	26335.0	21622.0	13190.0	5860.0	2280.0	3393.0	12721.0	18248.0	23962.0	10352.0	14620.0	5810.0	107667.0	14423.0	7404.0	17285.0	11635.0	12366.0	9163.0	42390.0	8200.0	20593.0	11728.0	22559.0	19110.0	11169.0	22437.0	3536.0	11382.0	85857.0	10503.0	53683.0	15885.0	4352.0	4979.0	14407.0	15159.0	12827.0	66782.0	16832.0	10087.0	6264.0	10039.0	4955.0	6730.0	10259.0	8985.0	12500.0	7443.0	5105.0	12447.0	6227.0	4670.0	14573.0	15831.0	107634.0	11572.0	93579.0	106612.0	9106.0	9285.0	18055.0	11735.0	14124.0	11806.0	9893.0	9710.0	11090.0	12492.0	12267.0	8051.0	11576.0	10274.0	8616.0	50881.0	51881.0	10470.0	10136.0	7906.0	995856.0	10752.0	8960.0	11706.0	11509.0	49790.0	10470.0	9521.0	8966.0	7449.0	8005.0			
2024-02-29	6928.0	20224.0	12924.0	6953.0	12711.0	104593.0	3217.0	3450.0	31329.0	8741.0	16639.0	31713.0	23806.0	103246.0	8735.0	11029.0	29635.0	11756.0	9166.0	27805.0	22060.0	13200.0	6410.0	2265.0	3418.0	14308.0	19355.0	24693.0	10775.0	14850.0	5805.0	107401.0	14193.0	7378.0	17665.0	12345.0	12630.0	9838.0	44825.0	7980.0	21164.0	11509.0	25496.0	21398.0	10927.0	22808.0	3632.0	11397.0	82761.0	10527.0	53853.0	16394.0	4967.0	5526.0	14874.0	15602.0	12901.0	65528.0	18700.0	10380.0	6773.0	11053.0	5434.0	6647.0	10259.0	8745.0	12465.0	8200.0	5914.0	12383.0	6087.0	5130.0	15576.0	17739.0	108025.0	11803.0	92316.0	106888.0	10259.0	9288.0	20090.0	12124.0	14536.0	13725.0	9912.0	9983.0	11507.0	12894.0	13019.0	7823.0	11707.0	10302.0	8602.0	51083.0	51921.0	10505.0	10146.0	7842.0	999033.0	10851.0	9015.0	11794.0	11607.0	48306.0	11339.0	9409.0	8966.0	7329.0	8391.0			
2024-03-31	7187.0	19630.0	13357.0	6668.0	13841.0	108574.0	3182.0	3823.0	34601.0	8967.0	16049.0	35500.0	25179.0	104044.0	8592.0	11328.0	27885.0	12025.0	9396.0	29500.0	21871.0	14880.0	6314.0	2364.0	3403.0	15536.0	20018.0	25939.0	10685.0	15795.0	5888.0	108189.0	15177.0	7702.0	18320.0	13025.0	13094.0	10023.0	47565.0	8150.0	21650.0	11723.0	25899.0	21749.0	11144.0	23895.0	3795.0	11586.0	85335.0	10804.0	54003.0	17393.0	5145.0	5327.0	15696.0	16199.0	15584.0	66621.0	20517.0	10855.0	6763.0	13211.0	5611.0	6887.0	10956.0	8560.0	14240.0	8180.0	5674.0	12158.0	6292.0	5380.0	16664.0	19078.0	108864.0	12253.0	93305.0	107616.0	10254.0	9902.0	22189.0	12617.0	14917.0	14848.0	10441.0	10390.0	11956.0	13665.0	13272.0	7960.0	11877.0	10451.0	8705.0	51241.0	52685.0	10660.0	10848.0	8266.0	1001766.0	11293.0	9807.0	12255.0	12174.0	50011.0	12068.0	9544.0	9231.0	7564.0	8854.0	9366.0	100055.0	
2024-04-30	7307.0	20293.0	14706.0	6689.0	14408.0	107947.0	3208.0	4147.0	33076.0	8937.0	16383.0	34150.0	26452.0	102597.0	8203.0	10631.0	25960.0	11766.0	9491.0	29545.0	21150.0	15480.0	6397.0	2816.0	3453.0	14776.0	19135.0	25897.0	10088.0	15875.0	6419.0	107558.0	15746.0	7535.0	17745.0	12750.0	12316.0	10548.0	46400.0	7605.0	20946.0	11743.0	23862.0	20163.0	11070.0	23833.0	3724.0	11903.0	83661.0	10057.0	54162.0	17154.0	5576.0	5521.0	15583.0	16119.0	17866.0	64012.0	20414.0	10811.0	6833.0	12460.0	5675.0	6740.0	10779.0	8850.0	14800.0	8315.0	5879.0	12083.0	6112.0	5665.0	16744.0	18688.0	109107.0	12254.0	91573.0	107631.0	10233.0	9748.0	21732.0	12209.0	14417.0	15473.0	9984.0	10581.0	11430.0	13528.0	13198.0	7457.0	12384.0	10777.0	8597.0	51424.0	54154.0	10980.0	10625.0	8205.0	1004777.0	11303.0	10146.0	11939.0	12194.0	48010.0	12445.0	9747.0	9385.0	7333.0	8982.0	9019.0	100375.0	
2024-05-31	7395.0	19400.0	15228.0	6477.0	14493.0	112583.0	2996.0	4403.0	33038.0	8826.0	15993.0	30641.0	27886.0	103517.0	7835.0	10766.0	26550.0	12225.0	9506.0	29190.0	22010.0	14600.0	6270.0	3404.0	3350.0	13665.0	19624.0	26535.0	9396.0	15095.0	6805.0	108307.0	15591.0	7300.0	17800.0	12525.0	12565.0	10501.0	45570.0	7690.0	21695.0	11837.0	21499.0	18008.0	11149.0	23683.0	3857.0	11966.0	83799.0	10189.0	54332.0	17616.0	5666.0	5262.0	15997.0	16799.0	20474.0	65087.0	22631.0	11331.0	6693.0	13051.0	5749.0	7542.0	10693.0	8555.0	14905.0	8494.0	5689.0	11874.0	7021.0	5565.0	17902.0	20182.0	109644.0	12492.0	92325.0	108271.0	11136.0	9671.0	23807.0	12471.0	14962.0	14929.0	9851.0	10625.0	11508.0	13573.0	12901.0	7525.0	12398.0	10864.0	8602.0	51586.0	54584.0	11050.0	10566.0	8103.0	1007908.0	11447.0	10905.0	12602.0	12665.0	48673.0	13289.0	9856.0	9422.0	7414.0	9570.0	9091.0	100685.0	
2024-06-30	7412.0	21419.0	15005.0	6764.0	14353.0	120347.0	2992.0	4658.0	36102.0	8875.0	17426.0	31991.0	30149.0	106136.0	7716.0	11139.0	27730.0	12070.0	9835.0	29275.0	23065.0	14695.0	6913.0	3448.0	3241.0	13904.0	19823.0	27273.0	9426.0	16045.0	6819.0	110090.0	15037.0	7212.0	17590.0	13395.0	12476.0	10071.0	48810.0	8000.0	23267.0	11962.0	21254.0	17939.0	11273.0	23847.0	3897.0	11957.0	86227.0	10520.0	54477.0	18423.0	5351.0	4965.0	16729.0	17961.0	18784.0	68874.0	24271.0	10815.0	5969.0	14077.0	5365.0	6887.0	10789.0	8000.0	14705.0	8613.0	5420.0	12263.0	6402.0	5115.0	18601.0	21091.0	109576.0	12780.0	93469.0	109383.0	12089.0	9736.0	26007.0	13110.0	16070.0	16660.0	9976.0	10842.0	11998.0	13694.0	13623.0	7839.0	13198.0	10845.0	8709.0	51744.0	54494.0	11050.0	10635.0	8059.0	1010664.0	11671.0	10635.0	13611.0	13384.0	50323.0	14336.0	9923.0	9456.0	7710.0	10379.0	9480.0	100950.0	
2024-07-31	8204.0	18827.0	14757.0	7200.0	14891.0	115401.0	3385.0	5087.0	33229.0	9646.0	15652.0	36849.0	30246.0	108017.0	7621.0	12095.0	29640.0	12250.0	9791.0	30505.0	24765.0	15025.0	6510.0	3099.0	3039.0	13670.0	20073.0	27379.0	9744.0	15070.0	6819.0	111691.0	15082.0	7546.0	17715.0	13335.0	13727.0	10137.0	48405.0	8070.0	22275.0	12131.0	19065.0	16286.0	11426.0	24924.0	4118.0	11995.0	87353.0	11476.0	54637.0	18359.0	5307.0	5004.0	16664.0	17217.0	17229.0	73357.0	22228.0	10622.0	5879.0	12395.0	5616.0	6887.0	11545.0	8360.0	15325.0	8499.0	5659.0	12368.0	6491.0	5105.0	17837.0	19897.0	110664.0	12867.0	94550.0	110427.0	12172.0	10438.0	23880.0	13046.0	15385.0	17747.0	10659.0	11014.0	12383.0	14689.0	13653.0	7887.0	13558.0	10887.0	8832.0	51941.0	54764.0	11110.0	11398.0	8626.0	1013629.0	11815.0	10991.0	12791.0	13068.0	50806.0	13323.0	10009.0	9614.0	7800.0	9844.0	9558.0	101250.0	
2024-08-31	8040.0	18382.0	14969.0	7316.0	15413.0	114207.0	3188.0	4885.0	31161.0	9928.0	15672.0	39404.0	29238.0	108073.0	7581.0	12597.0	29105.0	12635.0	9945.0	30180.0	23730.0	14125.0	6579.0	2782.0	3034.0	13211.0	20332.0	27267.0	10352.0	15340.0	6399.0	111829.0	15032.0	7751.0	17205.0	12680.0	13383.0	9784.0	46240.0	8365.0	22613.0	11982.0	19815.0	16554.0	11297.0	25001.0	4049.0	11699.0	88035.0	11815.0	54807.0	18262.0	5247.0	4865.0	16579.0	17036.0	17283.0	73127.0	21716.0	9850.0	5624.0	11092.0	5365.0	6774.0	11346.0	8225.0	15425.0	8051.0	5265.0	12507.0	6182.0	4990.0	17653.0	19328.0	110498.0	12842.0	96279.0	110573.0	11883.0	10243.0	23427.0	13324.0	15637.0	18101.0	10763.0	11220.0	12544.0	14654.0	13203.0	8225.0	13304.0	10585.0	9009.0	52104.0	53365.0	10825.0	11170.0	8486.0	1016733.0	11795.0	11292.0	12742.0	12990.0	51378.0	13512.0	9879.0	9501.0	7845.0	9758.0	9667.0	101570.0	
2024-09-30	7808.0	17899.0	17391.0	7120.0	16209.0	114825.0	2932.0	4846.0	30378.0	9899.0	15369.0	38449.0	28730.0	109073.0	7636.0	12824.0	27755.0	12800.0	10685.0	30505.0	22657.0	13410.0	6957.0	3090.0	3108.0	13191.0	20417.0	27554.0	10476.0	14065.0	6616.0	112735.0	15392.0	7969.0	17565.0	12140.0	13408.0	11670.0	44080.0	8410.0	23163.0	11827.0	21893.0	18083.0	11144.0	25035.0	3933.0	11504.0	87899.0	12130.0	54967.0	18287.0	6838.0	5868.0	16604.0	17140.0	18162.0	74685.0	21706.0	10102.0	6388.0	10417.0	6154.0	6877.0	11239.0	8040.0	15920.0	9445.0	6458.0	12233.0	6272.0	6255.0	17812.0	20057.0	111317.0	12905.0	97362.0	111301.0	11681.0	10158.0	23245.0	13583.0	16020.0	17936.0	10860.0	11072.0	11914.0	14322.0	13954.0	8278.0	13377.0	10406.0	9031.0	52252.0	52461.0	10625.0	11069.0	8391.0	1019744.0	11944.0	11835.0	12796.0	13197.0	50860.0	13725.0	9780.0	9442.0	7815.0	9861.0	9573.0	101870.0	
2024-10-31	7963.0	17024.0	17886.0	7383.0	16935.0	122992.0	2691.0	4920.0	28794.0	9904.0	14778.0	38744.0	29164.0	108321.0	7636.0	12777.0	29230.0	12135.0	10070.0	32255.0	23740.0	14175.0	7104.0	2816.0	3094.0	13017.0	20611.0	28779.0	10386.0	14245.0	6279.0	112504.0	14707.0	7798.0	17905.0	11945.0	13473.0	11790.0	43580.0	7955.0	23481.0	12081.0	19920.0	16420.0	11337.0	26081.0	3742.0	12161.0	88729.0	11971.0	55121.0	19504.0	6898.0	5610.0	17711.0	18352.0	16982.0	73720.0	23201.0	10320.0	6628.0	10110.0	6676.0	6539.0	11867.0	7945.0	18190.0	9768.0	7631.0	12871.0	6122.0	6610.0	19235.0	22126.0	111249.0	13294.0	94958.0	111238.0	11734.0	10732.0	24633.0	13732.0	16253.0	19607.0	10856.0	11333.0	12202.0	15693.0	14725.0	7766.0	13166.0	11066.0	8996.0	52415.0	55589.0	11265.0	11696.0	8841.0	1022653.0	12455.0	12334.0	13752.0	14334.0	50679.0	14916.0	10148.0	9885.0	7816.0	10833.0	9440.0	102160.0	
2024-11-30	8387.0	16826.0	17033.0	7195.0	16149.0	128029.0	2765.0	5353.0	25402.0	9767.0	14720.0	35415.0	29091.0	111659.0	8213.0	13155.0	30290.0	11996.0	9736.0	34720.0	23770.0	15385.0	6564.0	2353.0	3123.0	11601.0	20267.0	29799.0	9834.0	14310.0	6185.0	114952.0	14498.0	8046.0	18540.0	11450.0	14784.0	11762.0	41640.0	8020.0	24116.0	12265.0	16702.0	13650.0	11500.0	27183.0	3646.0	12360.0	90586.0	12382.0	55266.0	20494.0	6631.0	5630.0	18613.0	19116.0	15697.0	79864.0	22640.0	10786.0	6833.0	8602.0	6292.0	6114.0	12628.0	7750.0	17125.0	10436.0	7891.0	14248.0	6462.0	6445.0	20897.0	25093.0	113995.0	13776.0	95596.0	112812.0	11834.0	11410.0	23330.0	14267.0	16703.0	18450.0	11412.0	11838.0	12183.0	17410.0	16425.0	7830.0	13122.0	11206.0	9102.0	52577.0	56443.0	11455.0	12442.0	9375.0	1025364.0	12669.0	12974.0	14110.0	15371.0	51771.0	14852.0	10276.0	10120.0	7917.0	11255.0	9675.0	102440.0	
2024-12-31	7606.0	16944.0	19031.0	7007.0	15836.0	139409.0	2534.0	5491.0	25770.0	9587.0	14788.0	36914.0	28520.0	109554.0	7671.0	11920.0	28980.0	11581.0	9806.0	33965.0	23328.0	14525.0	6270.0	2647.0	2837.0	11526.0	21962.0	31049.0	9739.0	14700.0	6152.0	114119.0	13589.0	7570.0	19435.0	11250.0	13428.0	12715.0	40935.0	7495.0	24746.0	12703.0	14988.0	12116.0	11865.0	27624.0	3538.0	13098.0	91631.0	11140.0	55416.0	21502.0	7312.0	5804.0	19541.0	20830.0	15618.0	76725.0	24782.0	11375.0	6758.0	9117.0	6326.0	6128.0	12505.0	7595.0	18155.0	12223.0	8450.0	14653.0	6754.0	6670.0	22469.0	27441.0	112133.0	14185.0	94031.0	112526.0	11435.0	11276.0	25836.0	14164.0	17201.0	18759.0	10667.0	11978.0	12037.0	17331.0	17969.0	7367.0	13594.0	11895.0	9040.0	52730.0	59806.0	12150.0	12259.0	9302.0	1028190.0	12902.0	12536.0	15120.0	16137.0	51416.0	16236.0	10668.0	10607.0	8039.0	12875.0	9627.0	102725.0	7301.0
2025-01-31	8170.0	17776.0	19482.0	7396.0	16985.0	138435.0	2780.0	6263.0	26898.0	9762.0	15366.0	38759.0	30624.0	110922.0	8024.0	12229.0	29390.0	12215.0	9631.0	35175.0	24154.0	15265.0	6873.0	2657.0	3079.0	12593.0	21898.0	31633.0	9650.0	15500.0	6181.0	115168.0	14208.0	7788.0	20100.0	11780.0	13767.0	12066.0	42790.0	7545.0	24850.0	12609.0	15348.0	12632.0	11776.0	28127.0	3565.0	12959.0	90897.0	11430.0	55556.0	21650.0	7725.0	5620.0	19662.0	20692.0	17406.0	77962.0	24446.0	11375.0	6533.0	10135.0	5907.0	5990.0	12588.0	7510.0	18975.0	12019.0	7856.0	15361.0	6402.0	6305.0	22469.0	27751.0	113626.0	14353.0	94614.0	113585.0	11670.0	11382.0	26317.0	14426.0	17309.0	22155.0	10904.0	11870.0	12731.0	18342.0	18148.0	7405.0	12993.0	11771.0	9164.0	52908.0	59191.0	11990.0	12395.0	9381.0	1030997.0	13071.0	12884.0	14745.0	16714.0	51220.0	15924.0	10641.0	10627.0	8007.0	12490.0	9533.0	103000.0	7567.0
2025-02-28	8018.0	17020.0	22011.0	7504.0	17194.0	132702.0	2849.0	6410.0	26461.0	9885.0	14961.0	39509.0	31736.0	112541.0	8173.0	12507.0	27340.0	12445.0	9830.0	34170.0	23801.0	15080.0	7575.0	2727.0	3010.0	12892.0	21858.0	31255.0	8192.0	14805.0	6301.0	116429.0	14113.0	7783.0	19495.0	11885.0	12730.0	12222.0	43165.0	7885.0	23625.0	12927.0	15383.0	12707.0	12077.0	26818.0	3785.0	13088.0	94364.0	11738.0	55691.0	21011.0	8942.0	6285.0	19093.0	19830.0	17001.0	82013.0	22926.0	10929.0	6543.0	9916.0	6075.0	5995.0	12664.0	7915.0	19815.0	11098.0	8724.0	15127.0	5912.0	7155.0	20782.0	24359.0	114886.0	14259.0	96233.0	114161.0	11362.0	11441.0	24616.0	13902.0	16461.0	28832.0	10885.0	12378.0	12805.0	18096.0	16522.0	7753.0	12268.0	11880.0	9178.0	53070.0	59816.0	12120.0	12477.0	9451.0	1033344.0	13121.0	12807.0	14144.0	16408.0	53976.0	15849.0	10920.0	10755.0	8316.0	11637.0	10054.0	103245.0	7547.0
2025-03-31	7938.0	17455.0	22324.0	7542.0	18657.0	123603.0	2952.0	6244.0	25895.0	9607.0	15322.0	35325.0	31755.0	112222.0	7596.0	11887.0	26345.0	12465.0	9875.0	32950.0	22940.0	15840.0	7271.0	2762.0	2857.0	11431.0	22132.0	29870.0	8455.0	14810.0	6394.0	116543.0	14498.0	7698.0	17915.0	11915.0	11932.0	12278.0	43270.0	7815.0	21779.0	13111.0	13814.0	11213.0	12210.0	25780.0	3755.0	13237.0	93749.0	11313.0	55811.0	19983.0	8656.0	6712.0	18160.0	18475.0	14818.0	81482.0	20893.0	10236.0	6269.0	9639.0	6050.0	6035.0	12598.0	8525.0	21105.0	10311.0	8370.0	14623.0	5528.0	7050.0	19354.0	21786.0	115044.0	13873.0	96300.0	114443.0	11073.0	11359.0	23162.0	13105.0	15201.0	30902.0	10715.0	12064.0	12776.0	17435.0	15523.0	7681.0	13193.0	12006.0	9098.0	53184.0	60450.0	12255.0	12401.0	9436.0	1035634.0	13081.0	12899.0	13355.0	15731.0	53815.0	14639.0	11123.0	10736.0	8398.0	10645.0	9997.0	103460.0	7532.0
2025-04-30	8533.0	17370.0	20494.0	8641.0	19627.0	121942.0	3180.0	7439.0	24689.0	10067.0	15319.0	37030.0	33603.0	114518.0	7940.0	11609.0	25035.0	12945.0	9985.0	32135.0	21856.0	13670.0	7955.0	3130.0	3065.0	11940.0	20506.0	29200.0	8480.0	12855.0	6976.0	118015.0	14158.0	7383.0	16860.0	12105.0	11698.0	11509.0	44000.0	7765.0	22265.0	12718.0	13240.0	10715.0	11914.0	24352.0	3857.0	12810.0	90194.0	11222.0	55945.0	19323.0	7948.0	6459.0	17556.0	18218.0	17035.0	83954.0	20268.0	9780.0	5774.0	9172.0	5562.0	6059.0	11439.0	8175.0	21415.0	10356.0	7940.0	14697.0	5221.0	6420.0	19310.0	22435.0	117041.0	13706.0	96239.0	116045.0	11326.0	10308.0	22282.0	13076.0	15540.0	36160.0	10048.0	11943.0	11836.0	16803.0	15118.0	7615.0	13440.0	11637.0	9117.0	53356.0	58562.0	11860.0	11255.0	8541.0	1038317.0	13071.0	12749.0	12884.0	15276.0	51690.0	14212.0	10719.0	10406.0	7933.0	10472.0	9594.0	103735.0	7657.0
2025-05-31	9520.0	16764.0	20518.0	10621.0	19433.0	129699.0	3935.0	8841.0	26372.0	10318.0	16181.0	37685.0	37075.0	112633.0	8050.0	11964.0	23855.0	13545.0	10395.0	34010.0	20891.0	13065.0	8325.0	3610.0	3250.0	12175.0	21399.0	30066.0	8814.0	13195.0	7440.0	116996.0	14438.0	7289.0	18210.0	12885.0	12271.0	11552.0	46815.0	7440.0	24339.0	12186.0	12105.0	9830.0	11426.0	24846.0	3841.0	12478.0	85831.0	11315.0	56065.0	19986.0	7759.0	6623.0	18152.0	19373.0	20270.0	80568.0	22792.0	10117.0	5554.0	9737.0	5286.0	6167.0	11227.0	7445.0	20565.0	11292.0	7546.0	14483.0	5508.0	6490.0	20507.0	24908.0	115825.0	13972.0	95523.0	115869.0	12475.0	10132.0	25543.0	13877.0	16976.0	40775.0	10148.0	11675.0	11056.0	17098.0	15882.0	7296.0	13218.0	11311.0	9151.0	53490.0	57068.0	11560.0	11048.0	8300.0	1040392.0	13061.0	12555.0	13889.0	15629.0	48217.0	14758.0	10324.0	10204.0	7612.0	11265.0	8950.0	103935.0	8064.0
2025-06-30	10834.0	18026.0	21014.0	13605.0	19388.0	135058.0	4485.0	11085.0	32297.0	11051.0	17102.0	37755.0	43809.0	112590.0	10125.0	11833.0	24230.0	13815.0	10975.0	34620.0	20985.0	13460.0	9200.0	4164.0	3645.0	12930.0	21603.0	30724.0	8222.0	14455.0	8072.0	116813.0	15072.0	7226.0	18680.0	14860.0	12934.0	11649.0	53990.0	7555.0	25803.0	12091.0	13295.0	10480.0	11317.0	25415.0	3858.0	12244.0	85744.0	11311.0	56170.0	20568.0	7853.0	6921.0	18693.0	20187.0	24010.0	78560.0	25742.0	10459.0	5744.0	12000.0	5365.0	6397.0	11261.0	7030.0	20100.0	11202.0	7626.0	15072.0	5852.0	6690.0	22264.0	29125.0	115504.0	14197.0	96538.0	116052.0	15051.0	10133.0	30011.0	14564.0	18028.0	48350.0	10356.0	11301.0	10914.0	17173.0	15922.0	7406.0	13307.0	11138.0	9249.0	53608.0	56038.0	11350.0	11067.0	8260.0	1042594.0	13126.0	12550.0	14807.0	16540.0	47905.0	15323.0	10202.0	10143.0	7661.0	11808.0	8889.0	104135.0	9186.0
2025-07-31	11248.0	19003.0	22077.0	13027.0	19383.0	144787.0	4360.0	11669.0	32646.0	11559.0	17575.0	41875.0	44997.0	112981.0	9425.0	12011.0	26090.0	13630.0	11160.0	36555.0	22985.0	14015.0	10200.0	4129.0	3615.0	13775.0	24091.0	32414.0	8361.0	15735.0	8298.0	117272.0	15152.0	7251.0	20250.0	15710.0	13114.0	12461.0	57110.0	7540.0	26859.0	12375.0	15355.0	12285.0	11598.0	27472.0	3901.0	12641.0	89034.0	11637.0	56295.0	21903.0	8258.0	8897.0	19894.0	21639.0	25410.0	79353.0	27983.0	11236.0	6334.0	12100.0	5626.0	6946.0	11670.0	6760.0	20755.0	11511.0	8180.0	14917.0	6657.0	7100.0	24395.0	31842.0	115820.0	14777.0	96812.0	116563.0	15130.0	10515.0	31430.0	15062.0	18764.0	55840.0	10430.0	11745.0	11282.0	17945.0	16694.0	7397.0	12957.0	11459.0	9273.0	53736.0	57772.0	11705.0	11479.0	8501.0	1044930.0	13493.0	13450.0	16124.0	17110.0	49252.0	16375.0	10532.0	10452.0	7892.0	12867.0	9137.0	104375.0	9630.0
2025-08-31	10993.0	19561.0	22398.0	12732.0	20080.0	145224.0	4280.0	11684.0	32492.0	11239.0	18107.0	40450.0	44912.0	113223.0	9270.0	12123.0	26725.0	13995.0	11190.0	36790.0	23866.0	14325.0	9640.0	4024.0	3630.0	13585.0	28025.0	32966.0	8386.0	14685.0	8293.0	117311.0	15876.0	7382.0	20560.0	15455.0	13976.0	13886.0	56155.0	7525.0	26815.0	12569.0	14785.0	11920.0	11776.0	27314.0	3951.0	12716.0	89954.0	11584.0	56410.0	22210.0	8694.0	9135.0	20183.0	21699.0	25575.0	78512.0	28108.0	12044.0	7253.0	11790.0	6232.0	7420.0	12105.0	6775.0	21495.0	12089.0	10486.0	14558.0	7044.0	8260.0	24166.0	31837.0	115929.0	14988.0	97594.0	116960.0	14850.0	10907.0	31335.0	15221.0	18744.0	51420.0	10779.0	11584.0	11317.0	18202.0	17454.0	7388.0	12842.0	11524.0	9344.0	53854.0	58072.0	11775.0	11911.0	8796.0	1047013.0	13568.0	13274.0	16069.0	17501.0	49439.0	16628.0	10707.0	10622.0	8000.0	13174.0	9137.0	104580.0	9466.0
2025-09-30	11496.0	18646.0	24087.0	13693.0	22568.0	152491.0	4100.0	12174.0	38286.0	11357.0	17425.0	41990.0	46962.0	112275.0	9725.0	12279.0	29860.0	14100.0	11905.0	37125.0	24711.0	14730.0	10125.0	3939.0	3645.0	14335.0	27671.0	34037.0	8231.0	14505.0	8278.0	116897.0	16440.0	7189.0	21030.0	17045.0	14251.0	14527.0	61915.0	7770.0	27822.0	12723.0	14555.0	11655.0	11914.0	27625.0	4055.0	12869.0	93448.0	11594.0	56520.0	23007.0	9884.0	9592.0	20898.0	22793.0	25480.0	76895.0	30785.0	13059.0	8791.0	14388.0	7519.0	7979.0	12007.0	6535.0	27400.0	13582.0	11963.0	15112.0	7757.0	10470.0	25673.0	35324.0	115454.0	15373.0	98355.0	116698.0	15681.0	10814.0	36365.0	15587.0	19486.0	56845.0	10565.0	11470.0	11454.0	18409.0	18104.0	7627.0	12867.0	11693.0	9394.0	53968.0	58796.0	11920.0	11812.0	8682.0	1049156.0	14313.0	13875.0	17278.0	18779.0	51471.0	18092.0	10843.0	10810.0	8337.0	13882.0	9575.0	104795.0	10155.0
2025-10-31	11461.0	21862.0	23733.0	15794.0	23309.0	163797.0	4660.0	15647.0	52065.0	11757.0	19525.0	44835.0	53225.0	111579.0	10050.0	12167.0	34505.0	14455.0	12629.0	38360.0	27860.0	14480.0	11125.0	3735.0	3405.0	15750.0	29152.0	35502.0	8590.0	13895.0	8077.0	116183.0	16181.0	7060.0	23025.0	20860.0	14335.0	14812.0	75670.0	7820.0	29330.0	12957.0	20050.0	16180.0	12126.0	28732.0	4125.0	13103.0	95564.0	11374.0	56650.0	24101.0	9313.0	9026.0	21897.0	24471.0	31500.0	74193.0	35507.0	14436.0	9770.0	18795.0	7786.0	9021.0	11973.0	6190.0	26495.0	14200.0	11609.0	14807.0	8557.0	10920.0	27635.0	37268.0	114570.0	15854.0	98594.0	116558.0	18048.0	10824.0	45548.0	16068.0	20571.0	58690.0	10400.0	11455.0	12401.0	18182.0	18298.0	7723.0	13678.0	11915.0	9374.0	54096.0	59931.0	12155.0	11802.0	8701.0	1051582.0	14502.0	14639.0	18872.0	18829.0	52881.0	19273.0	10998.0	10962.0	8634.0	15164.0	9857.0	105030.0	12088.0
2025-11-30	12168.0	22307.0	24215.0	14559.0	24319.0	164320.0	4495.0	13365.0	50575.0	12376.0	19425.0	49030.0	49950.0	109288.0	9340.0	12416.0	38820.0	14345.0	12175.0	38670.0	31620.0	15145.0	10130.0	3485.0	3350.0	16230.0	30035.0	36413.0	9003.0	13640.0	8278.0	114326.0	16525.0	7241.0	22860.0	20015.0	14420.0	14892.0	72665.0	7865.0	28432.0	13510.0	18635.0	15135.0	12576.0	30179.0	4187.0	13545.0	98274.0	11546.0	56765.0	24776.0	9066.0	9130.0	22537.0	24549.0	28750.0	69842.0	34915.0	14243.0	10010.0	17930.0	7707.0	9124.0	12727.0	6380.0	27880.0	13154.0	11250.0	13934.0	8671.0	10575.0	27749.0	35279.0	113744.0	16077.0	99029.0	115405.0	17747.0	11466.0	43890.0	15983.0	20003.0	48110.0	10651.0	11937.0	14022.0	18850.0	18483.0	7695.0	14274.0	12310.0	9418.0	54165.0	62005.0	12575.0	12514.0	9257.0	1053650.0	14621.0	15031.0	18120.0	19123.0	54562.0	20335.0	11358.0	11354.0	8941.0	15353.0	10146.0	105245.0	11570.0
2025-12-31	12344.0	24302.0	23482.0	14927.0	25235.0	162352.0	4625.0	13196.0	56334.0	12163.0	21380.0	47975.0	51535.0	109180.0	9355.0	12193.0	38415.0	14965.0	12365.0	38990.0	30385.0	14960.0	10220.0	3250.0	3420.0	15740.0	30435.0	36378.0	8570.0	13455.0	7923.0	114575.0	17160.0	7438.0	23315.0	21890.0	14565.0	15211.0	79495.0	7645.0	28575.0	13150.0	17060.0	13845.0	12260.0	30387.0	4229.0	13365.0	95625.0	11346.0	56910.0	24567.0	8853.0	8310.0	22287.0	24251.0	28585.0	69509.0	35712.0	14390.0	10375.0	20110.0	7715.0	8867.0	12678.0	6345.0	29005.0	12855.0	11445.0	13505.0	8761.0	10775.0	27340.0	34140.0	113810.0	16022.0	98758.0	115570.0	18926.0	11471.0	46458.0	16123.0	20082.0	52115.0	10831.0	11809.0	13513.0	19444.0	18676.0	7515.0	13738.0	12100.0	9433.0	54315.0	60970.0	12345.0	12538.0	9229.0	1056472.0	14690.0	14117.0	18229.0	19311.0	52377.0	19545.0	11124.0	11205.0	8636.0	14994.0	9721.0	105495.0	12426.0
2026-01-31	13197.0	30950.0	24288.0	21379.0	29680.0	163133.0	5915.0	15468.0	75139.0	13421.0	26820.0	52635.0	63200.0	107535.0	10430.0	12206.0	38595.0	15510.0	13600.0	40705.0	30525.0	16915.0	12645.0	3810.0	3465.0	20900.0	31580.0	36754.0	8125.0	14965.0	8698.0	113390.0	19965.0	7627.0	24195.0	27795.0	15130.0	15533.0	100930.0	7545.0	28675.0	13010.0	21180.0	17370.0	12170.0	30281.0	4326.0	13325.0	94924.0	11514.0	57040.0	24557.0	8981.0	8670.0	22321.0	24361.0	34375.0	65237.0	40274.0	15635.0	11450.0	29760.0	8380.0	9797.0	13332.0	6360.0	35440.0	13150.0	12850.0	12465.0	9434.0	11245.0	28520.0	37920.0	112480.0	16234.0	98365.0	115345.0	23956.0	12052.0	57005.0	16123.0	20147.0	68505.0	11388.0	12256.0	13173.0	18628.0	18532.0	7417.0	13084.0	12136.0	9455.0	54470.0	61125.0	12370.0	13168.0	9716.0	1058776.0	15160.0	14187.0	18180.0	19447.0	51737.0	19330.0	11115.0	11258.0	8533.0	14662.0	9608.0	105740.0	15358.0
2026-02-28	15882.0	38337.0	22979.0	28596.0	29690.0	158610.0	7965.0	17106.0	93931.0	14421.0	33285.0	55720.0	73900.0	109410.0	10460.0	13341.0	39160.0	16180.0	14315.0	43480.0	31095.0	18255.0	13980.0	3695.0	3655.0	21525.0	31930.0	37067.0	8150.0	15340.0	9448.0	114215.0	21000.0	7972.0	26055.0	33910.0	15260.0	15736.0	122905.0	7850.0	27825.0	13270.0	23950.0	19430.0	12420.0	30907.0	4471.0	13360.0	97079.0	12051.0	57160.0	24448.0	8077.0	8455.0	22217.0	23699.0	42210.0	67071.0	40199.0	15740.0	11975.0	36090.0	8970.0	10100.0	14308.0	6530.0	33530.0	13460.0	12800.0	11060.0	9224.0	11540.0	29010.0	37495.0	113500.0	16418.0	99721.0	115985.0	29224.0	12929.0	61240.0	16023.0	19559.0	70770.0	12227.0	13280.0	13504.0	18305.0	17920.0	7713.0	13189.0	12169.0	9460.0	54600.0	61275.0	12415.0	14116.0	10526.0	1061107.0	15015.0	15482.0	17426.0	19009.0	54041.0	18690.0	11257.0	11273.0	8895.0	14131.0	10007.0	105970.0	18410.0
2026-03-31	14118.0	28413.0	23078.0	24201.0	25930.0	156521.0	7315.0	13995.0	72786.0	12832.0	24635.0	48105.0	61835.0	106070.0	8635.0	12315.0	39210.0	14395.0	12265.0	41735.0	31030.0	22240.0	13085.0	3490.0	3085.0	18585.0	29545.0	36471.0	7285.0	24780.0	9201.0	112000.0	20705.0	7620.0	23500.0	27090.0	13990.0	15766.0	98265.0	7565.0	25650.0	13855.0	20150.0	16505.0	12945.0	29451.0	4427.0	14310.0	99382.0	11262.0	57285.0	24229.0	7759.0	8750.0	21989.0	23386.0	41090.0	61515.0	38054.0	14655.0	11975.0	28450.0	9065.0	10229.0	15056.0	7065.0	31540.0	11750.0	11440.0	11305.0	8771.0	12125.0	28200.0	35245.0	112750.0	16061.0	97783.0	114480.0	24085.0	13548.0	53850.0	14884.0	18107.0	65060.0	12005.0	13230.0	13276.0	18187.0	17491.0	7457.0	12105.0	12980.0	9257.0	54730.0	65445.0	13270.0	14768.0	11099.0	1063465.0	14690.0	16228.0	16948.0	19069.0	55248.0	18915.0	11864.0	11739.0	9156.0	13952.0	10289.0	106195.0	14866.0
2026-04-30	15655.0	31979.0	23212.0	26553.0	25935.0	177733.0	9915.0	19854.0	114424.0	13498.0	27540.0	46565.0	89180.0	106155.0	9190.0	13379.0	40675.0	15205.0	14180.0	43360.0	30830.0	20395.0	15990.0	3940.0	3365.0	20265.0	31630.0	38808.0	6490.0	28625.0	10128.0	112215.0	20370.0	7478.0	26655.0	36165.0	15555.0	16638.0	131065.0	7445.0	30045.0	13335.0	26700.0	21450.0	12490.0	29854.0	4562.0	13900.0	96793.0	12117.0	57440.0	26096.0	7899.0	8575.0	23742.0	26564.0	59280.0	61400.0	50185.0	17865.0	13950.0	40115.0	8980.0	11353.0	14899.0	6045.0	30340.0	13620.0	14005.0	12130.0	11173.0	12720.0	31950.0	46500.0	113195.0	17584.0	97742.0	114825.0	29934.0	13435.0	69172.0	16511.0	21155.0	79405.0	12263.0	12836.0	12671.0	18694.0	18518.0	7353.0	12329.0	12615.0	9424.0	54900.0	63615.0	12885.0	14670.0	10864.0	1066221.0	14945.0	15556.0	20261.0	19666.0	52723.0	21095.0	11560.0	11625.0	8826.0	15781.0	9820.0	106475.0	19632.0
2026-05-31	14399.0	40882.0	23015.0	25463.0	25535.0	201654.0	9280.0	17691.0	187692.0	12849.0	35370.0	43645.0	105055.0	105440.0	10650.0	13593.0	43540.0	15995.0	15480.0	45150.0	32725.0	19625.0	14635.0	3490.0	3010.0	19055.0	32005.0	41740.0	5880.0	23705.0	9387.0	111220.0	20330.0	7221.0	30650.0	48515.0	16680.0	17357.0	176435.0	7460.0	33485.0	13540.0	25015.0	20285.0	12675.0	31150.0	4043.0	14125.0	100072.0	12286.0	57555.0	28230.0	8078.0	8095.0	25662.0	30158.0	50870.0	58330.0	62003.0	20965.0	14410.0	50450.0	9605.0	13456.0	15739.0	5400.0	30005.0	15025.0	15940.0	15340.0	13157.0	12185.0	35760.0	57500.0	113250.0	18423.0	98322.0	114815.0	36234.0	14175.0	92386.0	17594.0	23597.0	68130.0	12740.0	13254.0	13628.0	18754.0	19685.0	7389.0	12413.0	12843.0	9444.0	55020.0	64730.0	13120.0	15460.0	11332.0	1068451.0	15230.0	15328.0	24332.0	20245.0	53958.0	22795.0	11810.0	11868.0	8866.0	16629.0	10054.0	106680.0	25770.0
2026-06-30	14631.0	30373.0	21246.0	21615.0	22590.0	204755.0	8160.0	14948.0	192871.0	12019.0	28120.0	39680.0	97780.0	105740.0	8250.0	14121.0	52590.0	15915.0	15480.0	48815.0	37040.0	19260.0	12215.0	3545.0	2755.0	16850.0	32665.0	42417.0	5270.0	19435.0	8815.0	110295.0	18740.0	7630.0	29440.0	49650.0	17080.0	18181.0	181425.0	7635.0	32975.0	14005.0	18725.0	15055.0	13130.0	32202.0	3935.0	14560.0	104013.0	12575.0	57685.0	28570.0	7565.0	8180.0	25975.0	30597.0	40080.0	53990.0	67167.0	19440.0	13130.0	51050.0	9490.0	11567.0	15959.0	5475.0	27405.0	13685.0	20540.0	17490.0	11723.0	11515.0	36935.0	60330.0	113415.0	18418.0	98918.0	114980.0	34797.0	14384.0	99987.0	17289.0	23282.0	57410.0	12566.0	13712.0	15062.0	20254.0	19396.0	7574.0	13046.0	13252.0	9454.0	55140.0	66725.0	13535.0	15699.0	11589.0	1070975.0	15070.0	16401.0	25001.0	19357.0	56699.0	22045.0	12127.0	12255.0	9433.0	15646.0	10606.0	106920.0	26306.0
2026-07-31	15660.0	27950.0	22505.0	19090.0	22960.0	179850.0	6645.0	12210.0	130390.0	12030.0	25430.0	34800.0	74590.0	104715.0	8265.0	14300.0	46575.0	16480.0	14980.0	44145.0	34725.0	19570.0	10845.0	3680.0	2465.0	12285.0	28710.0	39520.0	5335.0	22850.0	9000.0	110130.0	19880.0	7810.0	25780.0	38810.0	16765.0	15665.0	142690.0	7265.0	31355.0	12725.0	16135.0	12785.0	11945.0	31040.0	4015.0	13460.0	91605.0	12705.0	57845.0	26545.0	7505.0	8215.0	24030.0	26875.0	31525.0	52530.0	54045.0	15940.0	10945.0	34370.0	7495.0	9550.0	15410.0	5715.0	26080.0	12360.0	14365.0	16230.0	9475.0	9900.0	32320.0	45735.0	112995.0	16865.0	97100.0	115475.0	28450.0	13885.0	79415.0	17330.0	22165.0	49870.0	13160.0	12920.0	14155.0	19990.0	17465.0	7210.0	12070.0	12245.0	9435.0	55325.0	61660.0	12505.0	15165.0	11220.0	1073705.0	14600.0	14875.0	22095.0	17750.0	49760.0	21080.0	11080.0	11265.0	8345.0	14890.0	9310.0	107210.0	20300.0
2026-08-11	15950.0	29195.0	22125.0	19080.0	24550.0	185825.0	7450.0	13260.0	121200.0	13130.0	26335.0	41930.0	80070.0	104575.0	8930.0	13790.0	47790.0	16700.0	14945.0	44985.0	35340.0	19780.0	12155.0	4280.0	2635.0	15065.0	29095.0	40410.0	5365.0	23075.0	9745.0	109490.0	20655.0	7810.0	27170.0	35900.0	17095.0	15835.0	130185.0	7220.0	32675.0	12580.0	17890.0	14180.0	11805.0	32110.0	4140.0	13375.0	90390.0	12315.0	57885.0	27215.0	7495.0	9075.0	24740.0	27790.0	37915.0	50700.0	55240.0	16655.0	11610.0	31800.0	7795.0	9760.0	15585.0	5485.0	27935.0	12405.0	14780.0	18495.0	9735.0	10035.0	32900.0	46335.0	112290.0	17225.0	96925.0	115480.0	27280.0	14035.0	76410.0	17960.0	23065.0	55100.0	13380.0	12685.0	14405.0	20005.0	18245.0	7125.0	12030.0	12160.0	9465.0	55370.0	61335.0	12410.0	15310.0	11210.0	1074445.0	14860.0	14200.0	23085.0	18380.0	48820.0	22060.0	10955.0	11230.0	8160.0	15585.0	9105.0	107275.0	19105.0
