	AGG	BIL	BND	BNDX	BWX	DBMF	EDV	EEMS	EMB	EMLC	EMXC	EXI	GLDM	GUNR	HYG	IAU	IDMO	IEF	ILF	IMTM	INDA	IWM	IXC	IXG	IXJ	IXN	IXP	JEPI	JXI	KXI	LQD	MCHI	MOAT	MXI	PDBC	QQQ	QQQM	REET	RXI	SCHD	SCHP	SCZ	SGOV	SHY	SLV	SPMO	SPY	SPYM	TIP	TLT	UEVM	VB	VBK	VBR	VEA	VEU	VGIT	VGK	VGLT	VGSH	VNQ	VNQI	VOO	VOX	VPL	VSS	VTI	VTIP	VTV	VUG	VWO	VWOB	VXUS	XLB	XLC	XLE	XLF	XLI	XLK	XLP	XLU	XLV	XLY	XMMO
2020-12-31	101.82351147317868	78.45359794142598	75.66130972764327	48.89680268542989	28.83065738056245	18.589304649819677	127.85628100900391	46.31434406731798	90.96099151957823	24.886336560040338	50.3384576829387	98.50481455405543	37.71636978073036	27.26291336336207	66.69071731315896	36.10144191672551	28.841060703162555	105.32014859795294	20.553902611716765	31.548704908089444	37.26462435940657	184.52884773642805	16.645436531079003	56.91940856046867	71.12574483233193	48.23525570792719	67.83724841552258	36.375161919019234	51.34237034354887	51.61638832395002	114.80294379726928	72.07483315144742	58.28517353000578	70.09782898020008	7.705215524948934	303.8405521967053	124.63634550765006	20.2382189078058	146.4191284216945	17.8625247959048	25.106672244839814	59.086193520628974	85.62063828418141	76.39734708152402	24.542712537495152	50.04707090712892	347.8635329389846	40.77736380568588	105.0894001311194	134.71466369777937	36.09187285411985	180.84851335952342	260.35884845162207	127.9978286245777	40.24289773273433	49.732174466896545	60.60532433965415	51.4287009054656	81.41017592472845	53.91852548436475	70.14284044260391	44.166347347646536	318.82324603992043	113.96528488008288	67.39511460574494	104.68992840526246	180.86448315860383	41.57835128638876	104.94916003877725	246.06043057586666	42.502215429563805	62.8571996263875	51.20971742466305	32.60693397959748	64.02491087291197	15.712329684734751	26.840763011704638	81.76227875743182	62.466904022771935	58.94077827659461	26.680567104640918	104.10834559805154	77.02312354729473	75.19712401594876
2021-01-31	101.19196554010254	78.45413388610176	75.11858173947992	48.651346529590874	28.52303132292221	18.744517646403583	122.55593814720717	47.148046569135396	89.43051709360725	24.462171811801365	51.44836962891108	96.92820938709815	36.708838273391294	27.969434141929156	66.57253767843662	35.1319161574019	29.079166146814796	104.35515570678511	19.350975011939244	31.568599873494065	37.00423324515837	195.47226622424532	17.352237797218052	56.71243172570259	72.38428363423392	48.91881961394208	69.75188036983975	36.2387801591764	51.34658750256833	49.99972984843602	112.9215847325591	79.51706941105087	58.58514647249197	70.1677337518596	7.988142235776266	309.0407234244057	126.87516492213616	20.319796239217013	149.03465320434552	17.9730793477992	25.22064261588556	59.28518016678195	85.6257484467261	76.40222472406683	24.559888038004903	50.620025134490355	349.30979555740674	40.9694122526955	105.50948097439796	130.47656145491914	37.1232358398405	186.70252483323574	268.85234829976804	132.39900266690256	40.39227346917296	50.5545691099939	60.38223403352462	51.270170997161024	78.93908584822262	53.93298843590606	70.98405755919292	43.45085057768347	320.184889908273	115.23864092113499	68.2946960000824	105.03997559356353	182.62007987358996	41.810542802986674	105.58425940204276	246.76397518118046	44.571438905804655	61.851587881323645	51.997122033887436	32.31814114056659	64.40579393923271	16.568165819314085	26.82686803679487	79.37449452764409	62.804059938584956	56.81328692691969	26.770395833678467	106.68688060163304	78.98121651358348	78.65016996663599
2021-02-28	99.43511303274583	78.44642321304471	73.77686898555469	47.74259130332637	27.81186700475899	19.722526957519833	110.85850802143867	49.696289113100796	86.90559032243236	23.989109848073475	52.039564178189956	101.64195709576977	34.968039477642016	30.195032402202514	66.5879897358341	33.453701591024796	28.703324468027354	101.67367090575817	18.95952561446024	31.66553964618321	38.779939681842514	206.91826846216105	19.94182215939163	62.233615894566924	70.3838967255262	49.25609745009605	72.834865059754	36.43497031141149	48.6581876205443	48.88972673903613	109.9476730043091	79.32109773108563	62.300488588266575	73.03999230069455	8.889551235159583	306.99129293238656	126.26371376503982	21.269144232567964	150.44299929789943	19.00750118560545	24.744252009649337	61.18407505985866	85.62536395882636	76.35098710962336	25.138576433737686	49.66768134299395	357.7616478638596	41.95895831081439	103.42560129361941	121.2394308904457	37.89505027671501	197.3183756391712	275.78825052051974	143.34041698105398	41.33076175702544	51.57161262846759	59.514227309616096	52.50548517784559	73.5305251153311	53.903883272558744	73.75821204543743	44.77136890183301	327.9254312549295	122.6640028976856	69.47166925822086	109.11089443315986	187.8829591708652	41.82634411856949	110.90817226059222	247.49665709203336	45.31309950292984	60.25006731245706	53.12219261287506	33.651542224614175	68.34941369192126	20.138143509442752	29.96420911899255	84.53353138427697	63.183479453040405	56.1270333792948	25.39824069816419	104.63489377945099	77.96873409359264	79.39779993351952
2021-03-31	98.44806877838086	78.44094932492916	72.99225650540919	47.814620353937634	27.029324621385996	19.93706854527573	105.64101377500934	50.19643504229726	86.06261494245385	23.083682740875798	52.494311000061096	107.01618991349423	33.93527545366476	30.541702556713325	67.00249111307221	32.466446102046646	28.113354726034135	99.4861029482612	19.168024707070064	31.372639908856957	39.1890564447624	206.42320434870933	20.244031407238495	64.51581223455969	72.06451717990886	49.24328931954024	73.53315959772902	38.457049193165794	51.87662956203255	51.66688958900501	108.39895666847988	73.04220687917943	65.28770215397266	74.70849219150921	8.742263485219164	307.9522200347408	126.38111959630396	21.8860457591152	153.31284152121663	20.552929370976194	24.780232581029715	62.164960619893996	85.62900638444508	76.34129605227243	22.691218709555635	49.79982747256902	370.3108401485176	43.43280570630039	103.51143377459394	116.4281110535382	38.55562584010343	198.49651303943585	264.6274183625624	149.65776296147408	42.06448511624659	51.84511243113948	58.89307169555222	53.77153369217599	70.74096044733504	53.889261770777274	76.88681987307825	45.47444432509007	339.501890875452	123.38535677013004	69.74602187750372	110.28281489244196	192.60711941337215	42.05914885483806	117.38655383469991	248.77887849698877	44.19935511029651	59.56488563618661	53.474667954632906	35.883103538640114	69.78406884528644	20.631102670501146	31.425268627420852	91.38974386779776	63.60249030238266	60.3232200813227	27.608253072359233	108.09343397774482	80.35532210889406	79.63397398351975
2021-04-30	99.14064510745911	78.43519471516305	73.58009325776965	47.72182868978204	27.533050784668873	20.48664532259117	108.51915604568406	53.018506156975974	87.9882220832226	23.75337725401174	54.048847821889765	110.40522989282925	35.28526758759262	32.028530798462405	67.55908048822135	33.777679385086316	29.51272893439866	100.33904292562687	20.13594687376675	32.96158155609795	38.35709381621748	213.34271018097294	20.33385214442909	67.5261831408408	74.6911458682567	52.34861528872504	77.97925107952796	39.43255413130592	53.61452014544953	53.126529668336126	109.67216211646172	74.14092178327752	68.1944592539028	79.41190596829797	9.45578320394892	329.3212179268935	135.06603468691213	23.278649271676077	160.7414514093644	21.000925665411373	25.115335873868915	64.79321728504954	85.63821657924973	76.36004734481814	24.157639235698912	53.26746467064181	391.43289290789994	45.89395094858886	104.92984563066656	119.00539391257324	40.415387559738484	208.66607916143022	279.4106380907214	156.69152382496506	43.558971476678174	53.52359804351209	59.19830699358206	56.71612573675871	72.22105833734956	53.91360049746552	82.44009255598304	46.730159117537795	358.84385659257475	131.8827941720901	70.26219142704059	115.84483336314266	203.50468983734885	42.386916489839706	121.32764630288287	268.54479642717035	45.45154019433493	60.758030768610084	55.32739648562775	37.8715950297379	74.36220060895165	20.76131249544374	33.36171742471309	94.83264010257884	67.86570433907985	61.17882684713223	28.709799311940323	112.76534681164259	85.89434729474954	83.343717070079
2021-05-31	99.38485472659258	78.4281845644134	73.7389739979916	47.69031942173773	27.706124969210812	20.98077051373239	108.39923178293117	53.7080735871251	88.90934095027657	24.196101452619867	54.79520342877791	113.33483198496319	37.7861991535799	33.10740272419272	67.61209924304273	36.188564638468904	29.083976483241035	100.78697483488966	21.13491976516946	33.13783033754166	41.082863791165444	211.57468196526833	21.33220030964489	70.85012184971039	76.29751830972143	51.40968796267191	78.06124116486461	40.13973626652467	53.53724956048525	54.99157105165793	110.41246988608788	73.31654385915245	68.99716038938033	81.97785839973469	9.780736742371417	323.90423752782715	132.92290659959906	23.541772242539935	158.85296481239143	21.6176406895271	25.36882926404399	65.59681659660838	85.64003961778744	76.41307818888254	25.852608231355333	52.448378016580165	392.7937648050439	46.06472633334079	105.97469890481972	119.14391632303881	41.01965951883305	206.76672626355378	268.54692100729994	158.88235218675553	44.73580457239957	54.68585076229678	59.40666140030585	58.72413817501753	72.23685444602276	53.953104734773255	83.15564072372808	47.77902428665705	360.12531202756486	131.71883887417496	70.6930623898585	117.61248613331553	203.52406466729522	42.73396683733094	124.60604378329485	263.33497433009006	45.69876247299381	61.46918169469143	56.52027592263775	39.61873013922525	75.08515615244949	21.81328635307001	34.86757897059234	97.30555211182076	66.6196264840517	62.46459676313456	28.176849507490736	114.43916508878128	82.98162128059549	79.57283708174279
2021-06-30	100.12173999427556	78.41385652060855	74.33187580867306	47.84592163386887	27.24712115959521	20.762028528016895	113.89862099554941	55.514172702848775	89.68517032733169	24.022383455713516	55.636939245183214	111.34817618744472	35.21663493864743	32.46733318651512	68.46184255467973	33.70330775929878	29.630519278140973	101.66674621187734	22.41502365732677	32.767826849736956	41.330098932420015	216.74682667169094	22.093969247428795	68.45456076777222	78.3344892784486	54.43334893350788	79.71232875644819	40.79787795428094	52.008516929945245	54.83171930211793	112.70722606200843	74.36633631292541	69.8471485051774	79.32481659019842	10.119226251523244	344.1543763071681	141.2508517010778	24.036322021017753	162.9367486702755	21.379522560537044	25.515127310031747	64.82139889635245	85.63997154222356	76.2756392291594	24.12058108668328	56.17336340510484	401.6986751381343	47.11938004053502	106.66170716443	123.85063023293769	41.63773237165208	210.6667061818086	282.76441660493225	157.8249014692404	44.59253189610786	54.80833304459217	59.45752522962343	58.310253816704495	74.90569913042597	53.85073985990192	85.93013095714949	47.70872292741437	368.3562554547478	137.3107237705911	70.75903130134989	117.94784092569495	208.84033579266944	42.73000655983378	123.0807448672083	279.32242124596405	46.630641690611256	61.960890166735375	56.66181637714654	37.53170993053608	77.39141656849021	22.733083792109152	33.88218623137402	95.15779167907263	71.08660322822959	61.87640699384724	27.669196306952053	117.07211197506558	85.86669172395352	82.36790132069456
2021-07-31	101.26030084968335	78.40695404839789	75.21013225828074	48.5629912003065	27.577806642618867	20.884291129994757	119.86980952437825	55.05995959073205	90.10721728745428	23.8732538925409	54.64442651663885	113.04566587411372	36.1134975886408	32.08372203247489	68.57740096329007	34.57886234156633	30.12477292881403	103.70872076053914	21.421528372625218	33.018106354020716	41.55586769201264	208.61401747000514	20.682733895161572	67.7166453642501	80.95326431146233	56.32987365416524	79.94885564928829	41.823341657652996	53.569090980331865	55.37174285823171	114.43727013602815	64.16177967437919	71.28227388567193	80.97166871847497	10.304485990364258	355.3889426186448	145.84067947377346	24.906085941656055	161.42544778842247	21.569679907625982	26.21381090392794	65.79481629335496	85.64352063154493	76.40065680168695	23.53805610389756	57.740316565394416	412.6195308481574	48.40251991576181	109.52482426339441	128.68698173901723	39.80223908836836	207.20765203487286	278.2461911177874	155.1615313655838	44.68414302185498	53.8876858577417	60.15719737789094	59.084965277485345	77.77085456524509	53.94723626837795	89.36116442171306	47.64546073535796	378.3959470235245	138.69638286337135	70.00739452629841	118.84564060163541	212.98335041239076	43.29455216467948	124.55037576185856	289.5557548461526	43.84127002889352	62.308538740381834	55.87007153423509	38.14651465854253	79.00588901663923	20.962565039160868	33.819171040746056	96.30428829257679	74.03044112555384	63.37129301383327	28.852549563728275	122.67875089525063	87.64017902266283	82.11919171244358
2021-08-31	101.12758065186455	78.39975230751821	75.1141241280283	48.476242592912755	27.368250489734734	20.428837068118913	119.92782162983107	54.56924113874088	90.92393272713377	23.90612478700338	55.56219887445563	114.79266076947445	36.04231313133524	31.600006354650056	68.92988085347334	34.47544669073549	31.316313548143604	103.42072920676118	20.933573632479813	33.327004871612615	44.77627147102465	212.49999007003953	20.479892812578413	70.28103101377044	83.17310104959735	58.21135848363556	82.3217197363436	42.58987709563469	55.28375018808018	55.78643670774741	114.07467594771128	62.892478993625964	72.1484332155018	80.34185099206763	10.143029746354319	368.3518990714938	151.14766774374863	25.19454622950206	159.34654127938538	22.005086854290923	26.217794230570913	67.44966780366332	85.64370964912001	76.38036235825692	22.166205578793488	60.07003875138575	423.7460115101624	49.705772351236355	109.5107996641523	128.70784897366332	40.86337481265415	211.28052346043728	283.3268994340119	158.424736435511	45.18529962910269	54.49337694443195	60.01413189796708	60.19301150450987	77.8130312444745	53.9379539474433	90.80238692122757	48.249957679051164	388.54414437723165	142.20711620573329	70.11133029668275	120.46359777444341	218.43764063831932	43.31581182336602	127.14789032119707	298.41814097230946	44.37797835735718	62.818877152062285	56.48061808257356	39.09490201385228	81.37651054041977	20.5210814304643	35.600752665504636	97.4937580688414	76.61771405370379	63.98013523619669	29.89348594747594	125.7207920740552	88.1245208311312	84.12163379564426
2021-09-30	100.24683609042495	78.402484221869	74.4112749092873	47.9034843536995	26.70690540562856	20.27634832813158	115.57790803950934	53.5826944551266	88.75287633506636	23.204071529457316	54.105172207479086	110.36297261255689	34.70146085158218	31.509564712521872	68.78360225744598	33.20743838300495	30.924436602395325	101.74874974083221	18.8766475641482	32.32877500826065	45.594762937925964	208.48823488530144	22.28866712122821	69.42420228941882	79.25864665433875	55.377795388193334	78.1152853301699	41.1040622346204	51.55677359095245	54.093302695245555	112.6652029998947	60.4552596973372	69.5630034403382	74.55792589106602	10.63127118010132	350.7743499760986	143.96411700483117	24.004519315419433	157.75672916867865	21.36727877067367	26.008764866861295	65.30165127157983	85.6469187427258	76.29524194008211	20.454672107111573	57.99771128621294	407.85500920955826	47.841084593224856	108.614209873611	125.0098366598074	39.746557950336005	206.74556382891305	275.52378636770067	155.85520288200152	43.92683914315637	53.01941689064516	59.430967514153224	57.2695332035397	75.67041715725148	53.87764645427524	86.90018230147493	46.386579189132874	374.01888124386494	135.31786327559215	70.1054738137001	116.2933187183869	210.57219082642564	43.29112334866509	123.08356760161143	285.4468623107917	43.238137132549596	61.44795593711703	54.90228659467202	36.63387273602528	77.01654772053003	22.372007455780242	35.156671076594115	92.5311286628816	72.79805875468816	61.99425834374519	28.148927941810108	119.68544192118372	87.44723156458784	82.05948503926551
2021-10-31	100.1495489582423	78.39241918639678	74.37130036673489	47.722595116127195	26.631648360781604	21.02454417081309	118.71057774459973	54.31538005898957	88.91404998088186	22.930934570820913	54.50105492574815	114.18282450649548	35.60209657187216	33.544621623375555	68.57036900094067	34.06847377647087	32.41889152362002	101.25863044770858	18.03760597624823	33.73247255456662	45.76275582012483	215.33641841572506	24.27175337971285	73.2867135344133	81.83742735552855	58.40209774892681	78.41484569303313	42.67632076000571	54.003339932499976	55.28931642487031	112.88636439040597	62.90928594219731	71.52624147750242	77.69485307100135	11.257616714648433	373.7939381890013	153.4270114041819	25.47514271099901	170.176866867987	22.14400245443708	26.362482222440406	66.54983433597967	85.64279349762704	76.0499558022928	22.20706177620207	61.36371480060921	431.5452765485962	50.61894939786413	110.07906589228412	127.33179844474694	39.81648523423553	214.83089018176014	286.9932579396908	161.65506411571243	45.18749569279011	54.430831934822024	59.01498575859759	59.86625684381308	76.71726752721558	53.717337565074104	92.57158866503485	47.47173786551396	395.7674845589602	135.31405733372586	69.61523481249847	119.91173349347399	222.3101104435125	43.618281497556815	128.73531026606497	305.11083188738536	44.13681081071485	61.49304633382228	56.431234542242265	39.08144435439669	76.74633788866029	24.686604490924807	37.42719593007929	97.56166983395849	77.74292589423987	63.6191262181471	29.44250518752245	124.0972247984582	96.5004645090686	87.17816630348834
2021-11-30	100.26318978581432	78.3816654449917	74.42221800026557	48.070599416892904	26.329394727671257	20.611722013739577	122.01054500246698	53.12361938903449	87.09761824709261	22.17534534959925	52.731659860825935	111.05222990638202	35.3845343363355	32.45720346846481	67.82384441432225	33.84940637162798	31.640540611569847	101.99614243136679	16.953567589582565	32.42859981948329	44.35605692265173	209.73357317647253	22.865201403667047	69.27773922889943	80.07910760976402	60.66878378506319	76.42970318417304	42.31834116461947	53.19739597934775	54.76997458273138	112.54777043832493	59.07619164393482	70.08226161356478	76.38874265978586	10.496018363422401	385.2492783856253	158.11530728697556	25.265989188817567	169.5411043774813	21.957506135447836	26.50544102501233	63.0553374972656	85.64903984772984	76.01603427601296	21.24496785070551	60.62942520328516	433.50949473941904	50.88178295512784	110.70135303880424	130.1369584992662	38.43431118159188	209.00817086915208	273.78356995571926	159.61432435531083	43.35108093883513	52.29386609345603	59.15757222379839	57.204776473525335	78.25543832792641	53.6929235805196	91.30910732390937	45.81221293883982	397.7435792321184	128.96757205142103	67.00710403305878	114.8447355532798	221.9454717877772	43.72298848630596	126.63524933553921	310.41443637122194	42.65429345702093	60.402654544152284	54.21224784842079	39.36801586565916	73.34525714777556	23.683255385399658	35.80424642820954	95.75784164077481	81.66676182755248	63.64305753606863	29.266743777448173	122.27909578876806	99.2782661522829	87.61255049058532
2021-12-31	100.08693974784512	78.37691109698727	74.32030094086795	47.81090167246859	26.314537320568753	20.74617025853309	119.94525788605853	54.84062520049618	88.97301517856434	22.49133870374474	54.744927976883666	115.5064881049982	36.18458413635323	34.266716149062766	69.28676875859117	34.63421948433441	32.775947990637064	101.90988393026488	17.699502188578684	33.55781049677796	45.32471114181334	211.34707115424118	23.394404037597138	71.44050266251877	85.5136763645929	62.78404036577436	77.16640135793942	44.315059172191674	57.0612548689807	58.647019433950135	112.81197659059283	56.644192020075195	72.62977081282442	80.52369278034763	10.9837705714035	389.27623604040383	159.73278778404995	26.789772258114652	170.31769639408162	23.25149977352429	26.60281314205061	64.97816951292442	85.6547678122769	75.84437539945182	21.381784228149492	61.469898131601475	449.8148454857446	52.767954449155795	111.10187965643809	128.4938151691484	40.28387737534383	212.830341348299	275.04951808978524	164.19490051561064	44.89425034346347	53.85434163599278	59.04061826048711	59.84260255263409	77.37816989107125	53.58243780465978	98.72435443380584	46.77295881569876	412.573234401866	130.74177609874567	68.47104376390078	118.21045077188897	228.2995437115585	43.81893027790474	133.40258880938092	314.65981353775896	43.12707383810184	61.76517381841356	55.79735797456897	41.64045783118959	74.94730345060734	24.052935126197372	36.48493464125784	99.0924237119922	84.53174524211282	69.05139237474638	31.559260555896145	132.07840707461517	98.89539243709424	87.55353930564928
2022-01-31	98.06669753719592	78.37330727518196	72.78946641939899	47.21363280893277	25.670751881971487	20.927796838983546	114.63229029791431	52.532502386438324	85.9259749704073	22.482560596296	54.045466423418105	107.98443658227487	35.777709671436696	35.85659364131439	67.42785926041219	34.23451437812703	30.728786330805125	99.65004399733375	19.139122873453022	31.335926131074938	44.868662208733724	188.07458005158196	27.157083024171342	72.15478447604666	78.96959747091451	56.661110497976466	72.9299251071902	42.45845628846244	55.11812631609281	56.91733021423083	108.68263739640238	55.67264358597121	70.13066414034489	77.75045130976258	11.78789600133242	346.71085278604596	142.33913651305164	24.925104098431106	155.84730382532217	22.51774245250874	26.024873705305613	60.46079064624526	85.6583930565883	75.33507107444146	20.944897652678065	56.81115403194772	419.83062101850686	49.26330671477136	108.65140904049309	123.76918133597313	39.30448577578045	193.1730101903122	234.53578893897384	155.55575578635035	42.828595368986	52.07597002815067	58.074910796745215	57.24183013261501	74.63648904853096	53.21463502299439	89.81854830524087	45.483762036708924	385.13506603964913	119.95807335915798	64.5882378345388	110.31657488327039	211.03553885053984	43.51926133354812	131.2017361691987	278.04536444175085	42.76929791171513	59.64661547880942	53.73005483066885	38.61280565627086	69.76042700717485	28.460762369270473	36.21982585918779	94.10564331580943	76.81848730565916	67.97323847731678	30.28290833883802	122.03514616136798	87.60372118667784	78.7164966898454
2022-02-28	96.59283174512063	78.36206743330885	71.68082571079056	46.40239107235945	25.3723767352973	21.481408005543013	110.10410364575442	51.33366383714242	81.63523756774363	21.994502130978546	53.19369770689627	105.9148578348551	37.81226296497279	38.082094299889896	66.67975707467659	36.17644016466174	29.901862979971803	98.85418834996477	20.184516640789127	30.680541227942882	43.36087117837877	191.3209730385185	28.273983249589016	70.92313397442793	78.67859730297758	54.716784203513456	68.98956926162855	42.147630915384546	54.51270428879147	56.5932943672059	105.72438881858614	53.42817758095393	69.57251915369721	79.12596870422064	12.526258257317455	335.7899994868334	137.92824045320305	24.55195029265443	148.60820363639223	22.13034871119509	26.06769712195086	59.305718320767504	85.66305720165684	74.92999772617529	22.5046552825861	56.093172222638984	411.2529585748439	48.24343188833355	108.84779829915331	120.35076592474269	39.6078342228147	196.1218135658825	236.59343915783288	158.51876466654392	42.15513444214088	51.16307322364509	57.62797665860428	55.098939993304654	72.68790941010073	52.92640362704175	87.69489284247922	44.96478522080954	377.18105360259324	114.352967522625	65.05022240519625	109.11510380564292	207.73903702586756	43.86691630558375	130.14748564478887	269.43557505335787	41.96288449411682	57.008378602494254	52.85835787885658	38.37296718415256	65.30896317438875	30.04647533997261	36.04560753000282	92.8788076262991	74.32557893795845	67.44596471863498	29.773508228952586	121.32883632422713	85.06638835425755	82.0050184534434
2022-03-31	94.14861843516304	78.3937482871369	69.88100989390585	45.38033284630701	24.28467468717205	23.179974844784383	103.77432861729365	52.06013535159444	80.24965017177861	21.38324791580738	52.68061582381128	109.4824593429014	38.418087049253636	41.15039267046292	66.04185065502418	36.76657108600909	30.702321798215493	95.15863878543784	22.896721355765262	31.515422790550836	44.31800370057782	196.6126458396871	30.848806006005844	71.66050911830463	83.1502786473021	56.7837308155475	69.56602162731798	43.77857644478789	57.97041160461292	56.506638267766704	103.25796712317342	48.62529118371876	71.65625811221274	84.01437884359981	13.84832067197485	355.95954928036264	146.09567137139885	25.901299878995566	150.44263548809474	22.98953421835728	25.838808842819795	59.39848642817206	85.68539546756095	73.94234747507804	22.93613213995075	58.67860506169406	431.5574089962754	50.64792047990578	107.90285152629588	114.52273191273761	39.19192765204029	202.16786216383875	243.70643464737918	163.46841909918615	42.557040278929236	51.01386786189945	55.89818002298003	55.15347349006039	69.43921656276385	52.23249296202228	93.42209776087657	45.27864148845613	395.9039453186734	116.32091559564392	65.33472945598965	110.07828063424394	217.17531142751528	43.763952784644474	135.72646683671633	283.61534489872764	40.661524139974695	55.91893588038347	52.86329515689266	41.02993354509095	66.70230301782287	33.599797784561694	36.373152187944356	97.63254230178434	77.7016544300316	68.48817449581519	33.0608634788082	129.13881109180988	90.40244393664639	84.34436771655854
2022-04-30	90.94367536286674	78.3936608279937	67.44004470636521	44.271299641175474	22.69229465965786	25.331899981612246	92.17797338493111	49.6711247442331	75.6640772995026	20.269308513340153	49.350080775385706	100.58399750779725	37.68412759892094	39.32548624206005	63.587127483293074	36.04821286648807	28.818253752529728	91.62941644218593	19.927223908067837	28.917269421552163	43.56739638738422	178.2267458929616	30.287257367506395	65.23270662605682	79.83582818233351	50.39942065667613	61.483048078768384	42.64853891565561	56.44979530013217	57.14493271308377	96.9570676377208	44.66668111060183	66.65915891177474	78.59949808828725	14.542585669287925	311.1608439635751	127.83192674431366	24.954153649410202	136.06426995321175	22.18741048885916	25.317949252058334	55.11053134994955	85.70984031511874	73.65953405935846	21.305848484192843	54.208375338618666	396.6714191622793	46.553847838016615	105.72667302391022	104.88818606495273	37.27143735101957	186.42495364094816	218.35684700967835	153.69096872873072	39.58201353740429	47.5036849801486	54.706478042569884	51.571920800179775	63.828239740359955	52.02823142318679	91.23138382365285	42.55044189043181	363.8581183388154	99.53976728394663	60.55859405283015	101.80757057782029	198.86891963787218	43.69432604696208	130.06312717499867	249.3056204007188	37.91189249972589	52.757421886539404	49.21167918018416	39.57994731633843	57.515175233960775	33.04825222905998	32.88133945209341	90.69024729449727	69.49543433117105	70.87215526207734	32.215377943579355	123.8646164919064	80.80461387245401	80.3524151757517
2022-05-31	91.55498254206547	78.42086186249404	67.87744167196993	43.99144982699831	22.793660887686002	25.14899968517164	88.94596970284812	48.15178294619968	75.67711226987717	20.502200285699676	48.69110384058617	99.72272748465082	36.64623418825967	41.128573980126504	64.20719095158155	35.05102873167146	29.57961965250672	92.33054999499608	21.506391896469147	29.18058057955782	40.92338056725668	175.59238048111015	34.39782747447825	66.3128507577251	80.08527850847412	49.23389151547913	61.80027250667291	42.03194277766595	57.95995628866902	54.835975191667316	98.32234998506381	45.95320627983975	65.57342191203598	79.5016094790532	15.185958664800324	297.9130989298506	122.40901099124423	23.312934230658637	130.31173164159551	22.712676127070218	25.053870763844294	54.9811386979493	85.74956538318361	74.06220651008861	20.084454119698137	54.02548032175463	389.4204400856843	45.715930476849984	104.59827484605006	102.83410337092327	36.960829321694604	183.40495857511823	208.6655914823665	154.1708303497968	39.97660884659009	47.95391001134703	55.0882898166819	52.35945376686433	62.74097847179124	52.31295679026098	84.99299072499686	41.590247456863	357.29987180536875	98.50148131085143	61.18333348962929	101.54918179164048	194.46274690606162	43.88083146680111	131.16023391827258	236.36895668017053	37.784598795766485	52.92327234278237	49.595265163462365	39.77230600393652	57.41168237082292	38.138537341437825	33.02509637111116	88.84453229405005	67.63117633185746	67.16655409246644	33.19013025695774	124.500189027247	73.50808208350045	78.10204488990625
2022-06-30	89.60069252868442	78.46747003164712	66.40375046680869	42.887532042549765	21.61689664995254	26.110200239698994	85.48185837303441	44.08538329939618	70.86693248325705	19.662986430888473	43.73702768390963	91.32328724467638	36.01952939973019	35.67401401693478	59.85204612680876	34.44689609107422	26.86491056609214	90.59689081225169	17.914004831858797	26.88380246797554	39.02013640715209	162.7307658252266	29.606662930280592	60.24629479303248	77.34240280919266	44.979041251901904	58.04890093192014	40.60208814843756	53.8022701145033	53.06623858284526	94.39270603091083	50.74855603423076	61.3032949794708	68.36020730454386	14.330291879999	276.6634878659159	113.57207563706794	21.574532186320234	122.84304274053753	21.040609151038133	24.270422191922805	49.69860274614916	85.80894599273246	73.49186055234725	18.944748680186677	50.10865164394366	361.65252076493897	42.434178290277266	101.29603594995234	99.70476831799023	34.605193502983894	168.18145953669858	194.58030340272092	139.7164409911896	36.5519539437103	44.644543203703115	54.35300556296651	47.57840764800794	60.83887964282815	51.90943320561518	79.0196430186162	38.632490688618105	331.7030387696606	91.31321263479242	56.273197157511774	91.9819338510146	180.52001707022706	43.19630253155207	121.43802083512193	220.47440479140602	36.85298008455514	49.66357785011188	46.05087389833387	34.585633229454075	52.73470208937954	32.107949570128284	29.81171632892231	82.66512109926603	62.434253401608814	65.60624539424526	31.292423752850492	121.02041754530647	67.49182130141102	69.49240624408495
2022-07-31	91.98733672618233	78.49746393112024	68.09651883032625	44.31962015527169	21.991626495687363	25.299378926122998	88.4836124250952	44.92267810620149	73.02507783422024	19.542659346958008	45.236284306274264	98.20699700509363	34.786732728958725	35.984683687011895	63.408508747615194	33.25931935066957	27.722247834412393	93.52523541735479	18.334816981979685	27.442824077499658	41.73509974075437	176.91169232327184	30.657899890711803	62.01586004404345	79.78783634677836	49.53927982877863	58.23676654823461	42.30513484634429	55.83824688352723	54.95900949305013	98.44515431527373	46.07194048330156	66.09652308357167	69.1009078950817	13.65909580905385	303.9875941808327	124.84641969855946	22.987531979485233	133.56754842501903	21.629197636075133	25.138262080361727	52.114248647247294	85.8690101133046	73.83146043030972	18.298957872745444	53.00721860079057	387.6419000818802	45.4842135241351	104.86301054836093	102.9542799849179	34.26050620094555	182.43747006259412	212.7509970081994	150.72399402250704	37.92149670697259	45.656081632209435	55.51015635975742	49.13551902211509	62.878886542425846	52.14577949365214	84.58395899556234	39.500389363662684	355.58497634472366	93.68270171257177	58.732892080068254	95.88150965156116	193.72362523156102	43.82574188601768	126.27169263167355	242.7683037401234	36.43787737899624	51.450519942834774	47.177788316469695	35.95396317685386	54.28631317754023	33.813125363792395	31.438404168775616	88.94562014635997	69.12743337574983	67.70593765197407	32.759041670917696	124.80728018274507	76.99898776225747	76.53859981871699
2022-08-31	89.66234194654699	78.64468575788905	66.47225925087778	43.006152662353315	20.970137660648533	25.76196662498905	84.37655594952871	45.52518066669269	71.92189925174262	19.580078050002335	45.12417241931622	95.89753637797322	34.1901862861347	37.3876796990257	61.34622807664306	32.67356350417959	27.04983250329903	90.45337492550576	19.50698653068924	26.645580179252043	42.63509821212937	176.65804317435445	32.38561412347394	61.18247032101846	75.24118824071891	47.52301702102112	56.346698322510264	41.582595178619734	56.17715978060205	53.70746585312854	95.03599807062734	45.10817821113449	63.99921748490439	68.18633286515269	13.756687462242331	295.4633847242457	121.38454063361034	21.916830124215075	130.68561749526242	21.394269023839744	24.74350875463646	49.820142052365824	86.04216941695894	73.30431768407306	16.881732712845412	52.61306630008008	380.107854066052	44.60761703379452	103.18793809180762	98.71760061985368	34.056157780236454	181.29037965541653	211.64781508600453	149.64360648752276	36.336398765622484	44.23139601264568	54.152788214160154	46.35751889126527	60.369598476479425	51.79013237445052	81.09412840143311	37.74090690017286	348.56330928679927	91.05573485538396	56.99327694977831	92.89928535923194	190.57107365399224	43.42084343264891	124.89452733890748	236.89533917235997	36.40061631708292	50.65011396037339	45.69035860220999	35.57160116903047	52.597044374203634	36.01488816742037	31.370147283593507	88.81713545851592	66.60278277289211	67.01325222569781	33.64388973556389	118.6199358634229	76.24023353767127	76.06413528154586
2022-09-30	85.80323522479188	78.81190514261198	63.62105167054675	41.59785511018505	19.605749959324868	27.31016231907775	75.94447409377587	41.39426442095639	67.04992374698915	18.65693018680937	40.67162769517209	85.86265364817478	32.91470109100773	33.90624220496085	58.891769817811316	31.461067375169716	24.616611166676726	85.98956408443249	18.664257324963685	24.135471818257376	40.445174238475715	159.10256713851788	28.85162802136516	56.25650780055639	72.23155235513704	41.793232606608896	49.88061146982706	38.94205006047346	49.94992976165736	49.615182779860206	89.01998586136447	39.12412646898387	57.658797418447406	62.061241236671854	12.668260302330197	265.61599098576977	109.12596313473662	19.074313860190188	118.67808023888668	19.791321734566296	23.087124698082988	44.25624346543249	86.24088822985588	72.43395712042376	17.411523233341434	48.7794114798865	345.77118942117033	40.57452810713796	96.27915911219469	90.72918495238027	30.89988044982133	163.489250540481	192.0600347133165	134.44502566433508	32.67585865233726	39.91184245721175	52.3037419060411	41.59905709471319	55.644327349296915	51.181237731999246	70.17986147988121	33.02046316455798	317.1626373474067	80.29495988681913	51.34469538848788	82.58991698522416	173.19417833928952	42.11125292626017	115.13383720278394	212.9028129853028	32.81140180037467	47.338152912640865	41.11491559825184	31.948670234056074	46.6925431726042	32.20172580840671	28.940812159131184	79.47678618931087	58.86210820792237	61.90384701386573	30.259322926025256	115.56460370544022	70.3670291511367	68.18499662876398
2022-10-31	84.69205114128872	78.94141765838151	62.85616783603649	41.86742363177678	19.707265223997123	27.452797849994916	68.80023518203637	41.61763542289928	67.1110045325244	18.611899473078314	42.1514054104849	94.63101328480384	32.613994265492515	37.35677560647847	60.93388076540597	31.17310063384147	26.435835042803625	84.84829342344581	20.202290217586	25.692953844205704	41.7816107334652	174.45716531844548	34.51976776707429	60.90170113989003	77.71416310045254	44.239911248525765	49.146003551821224	41.34495069953259	50.64756834636753	51.95548470910303	88.23642452502312	33.00666169533726	60.95448976683254	65.91369793920971	13.309573835615863	272.66759477871227	111.98709202694315	19.808680514715768	119.78884702174157	21.720828457969663	23.277410300659025	46.32699989450464	86.41686829121574	72.37289023391214	17.72325568503374	54.80062831846961	368.84605920101365	43.28979321155401	97.08090354935828	85.02176206367123	31.287676482073515	177.59189274207546	203.43009115873747	148.64231830940264	34.56625414101889	41.17283122664054	51.966502736268225	45.173743998335745	52.56605080755716	51.13070348027465	72.07982487057163	32.72674056496962	338.2966933970209	81.94177670377388	52.273563323000104	85.71782997362462	184.8590781611905	42.49764516525518	126.97218041763448	218.94601227175554	31.8212473237729	47.44659774998537	42.44495622047986	34.73809774225485	47.000826188079444	39.97161298589201	32.021618331551075	89.08268403863738	62.2545278423613	66.36885032599834	30.088492867928743	125.24780972681305	70.21990078071848	75.92979314664582
2022-11-30	87.54901215266192	79.18395536088973	64.90388559153737	42.79994458419769	21.08032734531359	25.31677913565043	75.38585097707046	45.00432622541743	72.92955473280958	19.82098037105475	45.77970892915622	103.68089624210614	34.91651500881001	40.33120815249201	62.299482548366065	33.37704018376879	28.763114599176408	87.41231946090744	20.184250741869015	28.137241421727033	43.39080908660537	177.47985380912567	35.6511732643703	66.45564563829711	81.80400817474141	47.001991197798446	52.71644775278938	43.46839090660025	54.57244322356047	55.98442408156477	93.59779339305763	41.41386405036487	65.19974779752695	75.16998244321883	13.245115225415109	282.2401290663801	115.96368143729387	20.997537459315474	128.7877544030953	23.126693220344087	23.561803290332037	51.30865575050677	86.67411322707908	72.71441429638969	19.96928647672055	56.39498106203957	384.92890779487306	45.1644855230762	98.25706590093682	90.71652752373629	34.20292352199006	184.29613845683548	206.88958057100865	156.39306317405115	38.49468824722703	45.94026240638535	53.03580710179248	50.66062764333027	55.90594966916764	51.37432928354271	76.0285559952674	36.40543033000846	353.0250541704597	84.12493327782633	58.555882256458034	94.18570755065379	192.34897287360616	42.56105813129342	134.00257538349481	224.8698770969121	35.59579158515782	51.33015778372632	47.31841052806267	38.36560604996138	48.820933230307816	40.65361658124223	34.10113042399301	95.92152550480591	65.06824236926686	70.06590232568469	31.98095690227433	130.3099891525341	69.93796581472574	78.28168865567876
2022-12-31	87.2476858703635	79.47105378185515	64.7010584212079	41.77468660097961	21.17600389485748	25.207376417680734	73.53850634499489	44.49499374389069	72.55171093456228	20.122589385114367	44.20263251781401	101.67065033101036	36.060139650424226	39.461732668922615	61.576480978533354	34.46458731680799	28.857770606996226	86.59096828068336	19.586763619896786	27.97053197351309	41.48588510956553	167.497232701569	34.6178372730795	65.00610559614645	81.32928483870987	43.79579891340105	51.362738484212024	42.86010846310067	54.97056046843055	55.37041763959836	92.80571634203798	44.08842736080983	62.565983320587634	73.57130715396829	13.006913665959901	260.8145681971298	107.12988984463173	20.404453527275038	121.34565376662266	22.51763730952983	23.437563136797255	51.18323129624196	86.99965351622947	72.9446963255094	21.948483213257777	54.90788895824865	367.1203293408246	43.09305572258543	97.66076475434653	88.95799747384697	34.415472495067995	175.17796215819348	196.05025981693	148.84763547852918	38.07517301898689	45.563872372731836	52.872643192316204	50.426028238183015	54.98553255565506	51.5511674821631	73.12280765263091	36.03884216979919	336.72376211613266	79.17404485126919	58.078131692466194	92.97939623181469	183.20127896140391	42.56745540892557	130.62524428169695	209.2273228628129	35.52392749640819	51.13118217263015	46.91751768203614	36.72026197161983	46.23894821323978	39.33975429024697	32.53055350649399	93.81735384664422	60.71391242600899	68.93235025477388	32.25771548590632	129.25657505667513	62.782898926434626	73.7582673117631
2023-01-31	89.84680152107236	79.6968419969341	66.62186868414668	42.67968761143291	21.934525330770576	24.536216653559617	80.28219730766507	47.32141990289034	75.35287238725036	21.024333400779405	47.34356484219424	107.1649413225276	38.264053436379065	41.66104402813089	63.77166691546892	36.560324416465946	29.98374138553997	89.39839856279573	21.595815521737904	29.361911112810535	40.672410999060475	182.62854986448136	35.85031293665937	70.38592029057526	80.63903404749743	48.3811976031608	58.56640209929798	43.44149221730285	54.829714644109494	55.71311801238248	97.10585239113317	50.12974042026582	69.56315600144129	81.12418393665118	13.16563879010619	287.9926691271763	118.29428624085938	22.214991756878828	138.40074336365456	22.857000102463697	23.92084043647283	55.35524230885488	87.27997102938087	73.42384979918451	21.781014236178393	54.52716611629746	388.70107221370426	45.62769441053024	99.70354102912648	94.99300446933663	36.15894271730075	191.36596850697137	217.72981646421	160.73765317320996	41.37123747199496	49.42873740713825	54.00517052923961	54.976244071704954	58.48293174516746	51.87963200941248	79.96560536759822	38.675790524354824	356.54952253486374	91.03237651181848	62.78923712431698	100.88738454903375	195.03301331092396	42.88444270586126	133.74855017682435	230.12833191812143	38.5099493727992	53.08558493346798	50.88291236769057	39.54788885535656	53.10393838804826	40.70637601433027	34.62417529466772	96.60924912493067	66.27214693730224	67.65768187111107	31.425528213525716	126.46481904400429	71.66276403458417	76.68597136741019
2023-02-28	87.56400121524302	79.97074015887446	64.936182009894	42.08588305796023	20.916613519353326	24.678483862480633	75.30269124965949	45.89062357908041	73.31747341673602	20.430113159286375	44.73186051733109	106.36249566807513	36.16932170627132	38.78460024109318	62.677360368847815	34.54602243409087	29.568690747323867	86.5174572472591	20.3480647949361	28.73710455319689	38.61313915917351	181.26126454577445	34.215161096329645	68.89830188898986	77.72744255686806	48.27202273576887	56.20091079314379	42.72486990991846	52.8426182846649	54.85580979763187	93.3031418658689	44.518426176623855	68.10084861160406	76.43129173781253	12.554704249790774	288.6200558518631	118.55834919250171	21.333776678364657	134.15973899039432	22.296935561203533	23.533172944384535	53.67023138594697	87.59228924825385	72.88978278853524	19.198505558435105	52.54705261363731	381.8440786637793	44.82068072884666	98.07368017100859	90.45521001378194	34.79840108833654	188.995963977071	214.7805265791904	158.95178203802317	40.09853884432724	47.41313206883889	52.72572021791292	54.32103650365407	55.75098621647819	51.51901544341857	76.19049269945864	36.52578842264798	350.26725593900505	87.9701909265518	59.43061716772192	98.00528475786658	191.89718574185275	42.69249683182969	130.44580951076887	228.4014854703378	35.97975871260982	51.668109353497684	48.8705361342449	38.433334720079266	51.835417192355266	38.04685648882321	34.015228880407875	96.4063728756228	66.9007177705912	66.79556977035358	29.97195290099748	121.75745980694427	70.918554430068	76.35842133740718
2023-03-31	89.64256200348497	80.30321576799528	66.49523501194676	43.08091466742904	21.855695241547544	22.86412228479297	78.97439421114845	46.117407574440506	74.09646232050807	21.117784290818502	45.61950090022712	107.84139157946814	39.14328980036665	38.2873193984675	63.432416177617576	37.40396288885927	29.696711950863968	89.58949364581272	20.22767397599823	29.093752526193626	38.68260122589879	170.65528185724222	33.41186736259587	63.451278397762714	79.32500169633235	52.62265446225916	60.03336369433717	43.3441962321232	54.74109629052433	57.045378575850194	96.37553270365188	46.08124746538684	70.40191857853864	77.23512641817548	12.48859506477067	311.86089499210357	128.1365188309282	20.472235892249753	137.83237252846203	21.80956846723933	24.174416215675404	53.56093670204161	87.97014395116142	74.04836273055172	21.887830296980628	52.82274261692899	391.0261574963325	45.90831189327106	100.75418196437059	94.27675170423598	35.59172001652044	179.82141124791178	209.91400360325605	148.17561184496296	40.75301123612343	48.29435970444415	54.26045146849729	55.074468068492386	58.07723619019659	52.35425326556596	73.13452810731201	35.299832549667045	358.7004920387533	92.65343550798377	60.868966972088266	98.08894863067843	194.56815721709785	43.49023080645788	128.36384083441328	242.8020385959221	36.6647741142005	52.322042650651774	49.792911005660166	37.73987993707355	55.620462014081845	37.51477575422457	30.573265532443727	96.11631713300822	73.15908466017106	68.83276102272332	30.874754893957345	122.8071619156697	71.84663344726665	73.5152309915029
2023-04-30	90.22923028672648	80.58290504964094	66.94772820555144	43.05887917770666	21.786105593247147	22.998482437564032	79.42035879619358	46.588768288017974	74.32590672396341	21.23601858313083	46.04812366590663	108.86955424077863	39.48933185265604	38.72098933884304	63.92634364770716	37.71425574958592	30.630036571975197	90.33737126265058	20.75191681506379	30.24044609217644	40.41335485934408	168.52998631664528	34.76339994382257	65.83675253571654	82.59900167956398	52.45400877399611	61.199683436848076	44.348231300776945	56.88980360144303	59.527571421602055	97.16916907348528	43.8575990434222	71.33730624428821	77.16337282138542	12.468915114353983	314.3337114643542	129.13813771769924	20.879608245350433	137.90861505209952	21.709838893850364	24.262832395046022	54.88435513676953	88.27474046463188	74.24714728265826	22.955728510692172	54.51591089087772	398.3042385948431	46.74917406263203	101.12342763500257	94.82756714460847	36.51831244039096	178.7943453823102	209.0928626306163	147.20383325780563	42.02392912616325	49.341367614634734	54.66980131893644	57.601841005637525	58.48522609332579	52.49369505393674	73.86095354323142	36.59915141601453	365.34137448055685	94.72283000113528	61.519916030749144	99.8590110933972	197.31484952026955	43.61142595960747	130.96546462546897	246.24308747755717	36.3855371075591	52.50478041753776	50.86307096401188	37.90170857775291	57.246445507636196	38.62431460509379	31.528771320056837	95.30425104277556	73.1658538225681	71.4393477988728	31.701088831870926	127.12158045609723	71.86177302320633	73.58118262816215
2023-05-31	89.06173208511186	80.8774857785948	66.08002127672741	43.10220793239098	21.246839524361228	23.200869268122624	75.889725130794	47.17861868041389	73.67774297576989	21.21357942195696	46.90414177261785	107.12348848483855	38.88145217366619	35.45471223141706	63.29747634101971	37.12712199914027	29.448817021494328	88.92962439263815	21.183468031355442	29.10121824779435	41.33761608606574	168.85275907588652	32.07517658311528	63.71412794121139	79.5561066557936	57.69587341741014	62.92763974659175	43.848065174541034	53.853938659137995	55.90953513154335	95.3684487533616	40.33368824029498	72.32918516732099	72.68013737070869	11.81576141607505	341.4790612287183	140.27637908742324	20.188102762985203	138.1149112824678	21.00738052392945	23.93180130518789	52.98395579610896	88.64262424660188	73.92513499959949	21.443215996557676	51.978413868140656	403.57197258370644	47.37761803861166	99.75364986888763	91.77250997396165	35.74979902445148	177.24250582934917	210.41656496416488	144.2317933415267	40.82548963259785	48.119275672373504	54.04493309431873	55.223485958922545	56.708709866461604	52.26161075618729	71.33149885675067	34.46797024795701	370.2237804638437	98.32001550155614	61.26953858010062	97.2486469350084	199.85944263666525	43.29456266650836	126.61293721240031	261.02824040755144	35.70253657057877	51.97418291119371	49.568008281441394	35.77327371521323	60.272158174139086	35.41014840376586	30.5666963833148	93.49888825716297	80.35609047735088	67.5410541637706	29.75004940179654	121.92388810361771	74.16031902097222	72.02384652680624
2023-06-30	89.06045061751628	81.24392523035137	66.1272798677548	43.26914524308121	21.410672173034982	23.97176405691548	77.14500354753929	49.3334859506482	75.45365660777725	21.7298648433399	48.46931965526954	115.24160446724957	38.00301303594351	36.80840399293644	64.25513700892523	36.295813595703784	30.49357428898782	88.22521185230553	23.51207666153922	30.24161234119084	43.15400383784987	180.3523649963566	33.56227708670138	66.73879859028304	81.52516983561513	60.55719494275043	64.75933840168581	45.04322360844198	55.14384134983611	56.99129604241203	96.27805578108496	41.68406843161096	76.52543503594991	77.11689838664448	11.997515683173717	361.07960225238463	148.40236027690685	20.803750384918224	150.69186054101613	21.89793596422034	23.886471105808816	54.03647548839237	89.05822555610956	73.64175862807787	20.842344846682707	54.45893472046978	426.1943435257766	50.0301571107435	99.49207490781698	92.49476170150021	36.616174056702796	190.41023293921072	224.3516766079847	155.8888799494948	42.10170303633669	49.708683213261615	53.581120231732605	56.71198950560666	57.052989502077324	52.07348243316062	75.14268823936152	35.00091509652992	391.1025940119556	102.91829209645974	63.21533107529635	100.15559102282224	211.56826217706427	43.23398320422682	133.2000856674273	277.0548188710728	37.07801640861498	53.199829884028446	51.18355579073061	39.12275953853725	62.97207102345534	37.08653418215171	32.150969130030816	102.55548749293405	84.6526326731491	68.99061429053855	30.186859916228876	126.54125607433838	82.53552641565815	77.68662693941445
2023-07-31	88.94813291012821	81.56709029677417	66.00449863039705	43.227129918180474	21.675303513254207	23.86112692409958	74.33597208734068	52.541382560424026	76.73600186330935	22.146247851975893	50.47944047925678	118.85955726859962	38.91535518119726	39.139132424404146	65.02258485805446	37.14730466898167	31.568701800595733	87.53833085876227	24.5388987116542	30.9491637149612	44.28717398411093	191.10320362579066	35.5868307727526	70.39625311715506	83.09594525468172	62.01353762038456	68.13859683353078	45.91056916741512	56.238413407220456	58.272031547972105	96.38464639824326	45.72801848780886	80.12713003151163	81.19410986260559	13.038028931677221	376.3359330692738	154.69751979374388	21.623201591402324	155.4018948567649	22.92042727333692	23.908234767699767	56.42463443677054	89.42283265927647	73.81628732899543	22.53103093013905	55.673840271156166	442.18234146599565	51.91107735044172	99.58168752886007	90.30730210781189	39.2323740772202	200.08425645371645	233.9257902774331	164.710500983778	43.60528643597296	51.72798352926858	53.4523140213357	58.727019246554036	55.8465979489297	52.19040129968918	77.15451264575265	37.04662229086129	405.8426562620094	108.6034773581369	65.60676916820285	105.34148005481713	220.1187155423341	43.410321920831095	138.4852321836925	287.5412714538777	39.14798609198818	53.960942586044276	53.29546192573998	40.63004906362649	66.44700506476724	39.88494095908542	33.94829285843535	106.08954469548812	87.32162492730909	70.74661865636733	31.127589912249118	129.17802729178595	84.63591451548942	81.37234303595736
2023-08-31	88.30486799921498	81.95326238218391	65.51547147500118	43.207955842609294	21.084469632227304	23.984969477154554	70.50312293238088	51.67138111473432	75.49185564622915	21.656009069453148	48.18076043395169	115.09913157119617	38.43960811334131	37.782711148935384	65.21670190043483	36.702532592938965	31.431675100917694	86.73614009780167	22.960271244392317	29.98225716161645	43.70392069065653	182.39132267139496	36.4347473048784	67.80785445967439	82.5853138825539	60.398263419274286	66.86582835736877	45.90554135442483	53.301441531614564	56.34005467041081	95.19581162285374	41.99468281434869	77.09573702128927	77.34056107485992	12.998904386288839	370.1396282844393	152.09400382893847	20.864892851162523	149.4222161440313	22.574862712663837	23.686600764625062	54.377983714545906	89.84608280557453	74.0837994732332	22.445148165599026	57.13100015840618	435.06477098502353	51.102065678780704	98.65912783819107	87.15847139531407	37.842648504810526	193.12819202591496	224.8785960511188	159.39806931854108	41.92903121629579	49.63226693319735	53.28932168504544	56.54886938842298	54.11967372073039	52.39600594272795	74.63281994449542	35.42484523741666	399.2609638729124	106.03263712707847	62.80987838617189	101.52993252560506	215.9688725432591	43.47212985350072	135.3931195008084	284.115401567587	37.231520360609764	53.1570131588907	51.12339929254384	39.331854636778	65.60496495042375	40.84265964879931	33.07638525475399	104.15327069597225	85.68525996529755	68.00180370339767	29.306660405504285	128.38382698767634	83.12513225875827	81.14411732068743
2023-09-30	86.19616343839631	82.29694036659936	64.01579656256128	42.550650373841115	20.24925790402706	25.024347894116868	62.831924517481305	50.486296236556996	73.09187957623001	20.635275973532195	46.5954067953217	109.36690265012565	36.984728034657124	37.60979220804086	64.2136633693921	35.296455686256024	31.221521002926373	84.18756376907808	22.0522206595955	28.930676743694935	43.98637747597817	172.08628241259026	37.698881522229925	66.4470320617118	79.77211342765267	56.64673663925483	64.99902331825328	44.60807415585162	50.379358418860974	53.46957528410818	92.12683842568674	40.26551021613389	73.02960134045456	74.29461216945508	13.285724514507061	352.85620477837335	145.03209108627394	19.484599685671025	141.68132038444102	21.688519614444196	23.274511168529976	52.030022530125876	90.23456406039452	74.05324917861992	20.58589565680239	56.51414088806234	415.7863780389719	48.833784154022965	96.92671467306502	80.58452342757055	37.21722051959023	182.7607807547202	210.92274942332983	151.9780501333425	40.406008655448964	47.952373563355586	52.45996719819939	53.81435090532183	50.37150452727564	52.36688212543443	69.07109154839401	33.95550580490682	381.59646603279583	102.56219617678153	61.37401650257292	97.38163454589315	206.32206554345657	43.41547354055368	131.33218365217152	268.8067996837629	36.13089322467085	51.47809715494462	49.37907941363441	37.52356402659899	63.95285885669703	42.22191284013087	32.18177764548068	98.1685922928045	80.5256380282764	64.82129314794594	27.7629906820955	124.44131642929985	78.72237975689012	79.24228522278824
2023-10-31	84.85882058838894	82.65911435520606	63.05494312574226	42.48743870487914	20.042367316899767	24.910849664473204	57.977185672742976	48.1785887164839	72.08585481844574	20.598943674687494	45.05694882561722	104.49401993345539	39.46583387210971	36.00641047743772	63.45130960814692	37.68011541816857	30.236302124893793	82.68082569774444	21.505221387223475	28.32742883321664	42.903868978415574	159.60340384440718	36.009589663664514	64.02053473817321	76.43016844418972	56.47672673932277	63.619981823250754	43.7945598229744	50.2350628825657	52.4269622868554	89.87892403575637	39.15504205021617	69.30108382831878	71.93102209566933	13.04454690283839	344.8298610722931	141.72963546585788	18.496476383735533	133.90308049983656	20.78025763522672	23.13220097119343	49.187366441668225	90.63989299673591	74.3382442591364	21.08841523726963	55.1854016908555	404.7064645450448	47.53765844721103	96.31333889720435	76.38681271676006	36.067416582524	171.59983605035643	195.57438628257043	144.03086418421114	38.86990183575993	46.26220603755338	52.071993389617674	52.05265915998298	48.00629814015036	52.57314698074419	66.09948258231108	32.45883571545902	371.4600199430788	100.4552693977988	58.9580438063387	92.27973775306164	199.8682269372544	43.61140424360646	126.87841587532598	263.2324503574943	34.98935340946616	50.6273412078247	47.57498402821729	36.194280893227344	62.80367472937017	39.57733658258632	31.042255230574863	94.6123964603898	80.33207909581766	63.53060841696885	27.728139179175677	119.79930052590358	74.21614267045472	74.75985567278042
2023-11-30	88.66396023634418	83.03037611472041	65.85394877347792	43.922799800310045	21.26120625616902	23.642838321180122	66.05864275361338	52.61235951757037	76.68762817714438	21.819042788049938	49.34300752491034	115.027064332761	40.36165256023115	37.2572107985697	66.57224177015834	38.52108507386979	33.27279534211208	86.34632535758351	24.151631777626346	30.730006508020786	45.41560533567795	174.47155479857372	36.031844185230284	70.40523954918729	80.42988983752744	64.30512273114628	69.24232794552248	46.044598926784765	53.785649623837024	54.8595545915061	96.51978814111256	39.895598757590676	76.11385233291607	78.3956513570881	12.744487921383012	384.0753295621527	157.87288656055455	20.478458632351803	146.97623615633552	22.044917406083837	23.73064956172528	54.03977175972066	91.0471728212544	75.0768746572443	22.932888405830496	60.69566443972861	442.7488934204656	52.00884585731717	98.79837761487927	83.8074966058423	38.473978965193695	187.40855173813802	214.77295037404096	156.63244104588895	42.40553408819423	50.14783641416532	53.63829958759858	57.31315110954944	52.28501246113414	53.0992104148664	74.23064800239584	35.76549162095404	406.47726347835754	109.7166987959611	63.366836801752356	101.31769591507978	219.12533039624483	44.03680568071459	135.30706426992302	295.2620397789569	37.42117141903702	53.86333050323216	51.58096752901404	39.146568720722954	68.33903580520656	39.17812137387649	34.43617956749577	102.87906883601693	91.07330893557545	66.16106315264699	29.269170782526665	125.75293848907283	82.8682656217652	81.76605487640992
2023-12-31	92.029831074168	83.39358205475187	68.28896941000693	45.4414039992059	22.262460220987677	23.002853034406904	74.45539915603456	54.437679795789784	80.29514063046227	22.397601327530182	52.29500657988452	123.75780669120559	40.95581895472805	38.553116172294786	68.91327738277958	39.07301367925293	34.645462353236006	89.68619577244358	25.99445936850629	31.742658439762913	48.460610260006234	197.64512873546943	36.20401472737926	74.7524274556749	84.03118648226896	67.208800371562	71.46234661278437	47.00563667246875	55.184836617493914	56.4366379226779	101.38390839924011	38.59131229305363	82.72132550073623	83.98445889184087	12.31336792723429	405.657514536794	166.77109247283798	22.575065566052434	154.76847794402585	23.555559124660533	24.353788900632566	57.77516263378467	91.44794216867766	75.91287933966025	21.936998348496118	64.65360900765975	464.18141175485624	54.528032544214106	101.36042031489306	91.31111693901909	40.163324334133875	208.4884631106375	240.40929748650635	173.4937660552191	44.77254409367862	52.57082909082757	55.08567125610864	60.416192358766	56.719603546204986	53.71531378831574	82.01500706361182	38.513313707571925	426.1744425356728	115.39283279526094	66.84258202676598	107.28855090600729	231.56108158174396	44.52102488126689	142.88573869561898	308.3779301366163	38.547208726284445	56.55655002324751	54.15081191465707	41.272231492905526	71.13972601792267	39.45442126804646	36.513996904708094	110.76281003025586	95.07414509639602	68.0485864810607	29.79583717276912	131.65509885799221	88.24166686655599	88.93217845147842
2024-01-31	91.53608748037739	83.75541118157557	67.90857990723379	44.9904997608872	21.550273029780094	23.621374246442258	70.35362349713279	53.579153985192775	79.1267288060505	22.08899124106902	51.25857214827957	123.40758500219904	40.308254398040305	36.26941203643052	68.94070310170389	38.4549056842281	35.46526054860093	89.17874314738239	24.918392576541113	32.70275823293096	49.3607122831658	190.8343955137691	35.94535965881593	75.77883026445551	86.18283001742994	69.60091164297731	75.15113722303684	47.95508381454169	53.21493789622548	56.720999337836496	100.55174236663748	35.2816062963156	81.94432632854506	79.44411324493556	12.484501740482795	416.77127029999156	171.35266627377362	21.651381736220152	150.83663153590146	23.719775031931917	24.32626485723565	56.45640009832684	91.86082423379658	76.11407736556765	21.00587737850764	68.63126820919148	474.6816758987188	55.768422060747184	101.23988801272576	88.14093817859873	39.77646204346	203.93316007404005	234.3425114203253	170.11313530568043	44.40766026914716	51.915394374261126	55.0158041853014	59.82165173974741	55.048134455782474	53.867245795794986	78.134044923434	36.88543286027581	435.90855758343434	121.30119778120344	66.4617052625796	104.40602763013138	235.61268612115995	44.67371155547798	144.5687122440342	318.0426381996224	37.47328705440938	55.75470947981421	53.44873682169862	39.76885515773911	75.06916617714948	39.28452280312887	37.71994998667142	110.25222186259647	98.73612269222338	69.11785477277346	28.94808305488539	135.66967290204454	84.68111386449439	92.41799079152949
2024-02-29	90.38072399137351	84.11378632826566	67.10863624488692	44.815539266159504	21.336719509187873	24.351253009897956	68.80390143681244	55.09992025191511	79.602161193802	22.014044223686213	52.86037806472136	130.3442612884172	40.42067449172115	36.126349270371975	68.9973720834011	38.546895786293305	37.35447114364892	87.63137378703121	25.19097171846662	34.509226552908714	50.88064076846626	198.39880226520393	36.3716030632399	78.42480173621036	88.80665468934528	72.03455843049372	77.9200768098516	48.97984452750276	52.62403923289341	57.06654625923202	98.84406459340227	37.446617419971155	84.23055545220079	80.74164574176984	12.224600781283604	432.6990545529111	177.92139896612696	21.55619817107732	160.96817591282138	23.988158745610075	24.098527361360084	57.14608714025434	92.26064214821201	75.8478823424546	20.671994122912	75.86155060485606	494.9371518302114	58.14050556823798	100.32417167031673	86.50290424808226	41.06667912689542	212.74951449599143	249.45973666869145	174.71152836822782	45.52964521266292	53.4424353850414	54.30170004388846	61.15218684586243	53.991913504211546	53.66878159851069	78.68134779514028	36.49448991960494	454.4602238701952	124.77240240242533	68.76525032789965	105.65663655364081	245.69971738067395	44.599179434613475	148.82166364489422	335.65590748467855	38.720137566631315	55.89575611692476	54.89570545876146	41.94789961090561	77.32386233826219	40.27638679723876	39.129057701038874	117.2750779320866	101.65642233676098	70.52842267624845	29.193407421527024	140.88395933591067	90.1970963225755	104.65750511290308
2024-03-31	91.26634933008066	84.46598587991467	67.73466346003384	45.33570678181687	21.432002667515913	25.546449447665033	69.67132462334098	55.54442719157485	81.459784930197	21.886956669610697	54.320445058790746	135.61786832125665	43.677028602062975	38.521482535076586	69.81435527396792	41.6586208981369	39.85018732763086	88.36132892043989	25.303789883177487	36.3854400534135	50.858509621861934	204.6849581494739	39.38650611860617	82.09119311738041	90.17173711196551	73.76548078943337	80.55760516852249	49.924555446142634	55.404662319634156	58.053647113198906	100.26821730203108	37.89438394956261	86.99093446348243	85.63994504176655	12.719640641555078	439.95630586638055	180.94112151396698	22.010791464385015	163.01687371566916	24.981137636424634	24.29782054264017	59.13672961675135	92.64790137457666	76.14692152789674	22.625443100848234	79.35995554794616	511.178819118696	60.05972607613036	101.1004856287824	87.35943275790244	41.19850218825571	221.70832408698598	257.04657133299486	183.70755175654955	47.167289562928325	55.15385720349798	54.64443632416025	63.39443759633239	54.61651192433482	53.8702004102964	80.01838641359512	38.092132503365306	469.40538899366555	128.6775143547444	71.04557108732035	108.90808388222406	253.68630696036675	44.894034830930806	155.87578568397365	341.7437615155294	39.293274718619585	57.15286543222498	56.58452226567829	44.67345314245611	79.99776237172253	44.244074894104926	40.81917491795576	122.3966736154108	103.01878094224658	72.60877883563384	30.90188820867514	142.89330800099066	90.48948909954785	113.37300508260167
2024-04-30	89.14511468911758	84.8355818665872	66.2002161262659	44.75303485004635	20.72682178500864	26.798407007673582	63.75032479464946	56.17664450238528	79.6970748069342	21.44865654130387	53.4550503985281	131.64246215695536	45.849522404343574	39.3947886978972	69.04992105053165	43.73210136234549	37.974315005048545	85.76540581032188	24.618884530494775	35.043422668501805	51.98311253244824	193.35900522612945	40.293081639945974	79.87930219222991	86.7372162975606	69.98148240611607	78.89641187403035	48.83384452066699	56.15329925531732	57.40573664908267	97.27491469362718	40.20547546915749	83.49661684882224	83.9312971513607	13.067163118375198	423.3036600436843	174.07935347384898	20.83161514490477	156.48729752127778	24.111824637070043	23.954512776185645	57.36197439496195	93.06381646864561	75.84923245704394	24.47676706015241	75.48568763186285	494.3459797733416	58.100471730624875	99.6474590716568	82.0974772151359	42.19181519993904	210.14044272533548	241.2751918964026	175.2164582038717	45.81725261093284	54.06581331134088	53.58666244488551	62.178543575733286	51.594159321661124	53.68227123761591	74.7556894947137	36.900835737175825	454.0441076774353	124.64364466353648	67.83390204743245	107.40698162382137	244.73606446125928	44.864405704120934	151.34088578136468	329.29097658176454	39.840403594858074	56.04534536322604	55.56637205628431	43.08646353976356	77.06062232436436	44.78180747838611	39.55985804341234	119.18819401430447	97.85396011474342	72.11099991363855	31.705805268911337	136.2058893570532	86.96212018731114	108.22381964198125
2024-05-31	90.34206264320068	85.21909497423692	67.09499378064852	44.81134363876988	20.918368962982612	26.65559795660293	65.7951020222073	57.128323564841864	81.22489267506532	21.873546457854555	54.121041954344705	134.91721782195745	46.28874432964058	39.93885136788457	69.84370619345145	44.136508084605325	39.039129379988324	86.97009796543765	24.252172149367077	36.377209559000214	52.74959657611093	200.6978692268886	39.718266995987136	83.06540314799513	88.84240976850454	75.64916692134622	82.66728345042884	49.54537292262315	59.99385175852284	58.62725812248794	99.01280332133796	42.312271211110925	84.19090163817702	85.9301808553773	13.022158609466404	448.18534856377903	184.55684416605257	21.436391554971053	155.90793604616022	24.26804120569082	24.282312801954774	59.925562920234746	93.49273719280346	76.29166854635076	28.201774327999942	80.6873749769621	515.1581668189833	60.533313547279306	101.0079512187108	83.99807444892855	44.46381565762404	215.8551642741115	247.73903574393253	179.92924789526225	47.50356859927057	55.87907669190332	54.18893151625438	65.48057373240874	52.771876681588125	54.00117295145748	76.85865234186846	37.69705482988746	473.1410137489243	131.06625576884798	69.06981562443109	111.56751013634292	254.36132839167738	45.23140455118643	153.972625815518	349.1646251549589	40.87105453087748	57.073663628195405	57.44628361222934	43.96428519453084	81.24341417663143	43.515069257321684	40.31046895515412	119.80402317125112	104.45042331780907	73.25997396647651	34.190363990625535	138.76572848049605	86.41636683567233	113.13622008953004
2024-06-30	91.56164710901554	85.55537035614859	67.99632657346993	45.18116709054351	20.763834908207453	27.124207431643814	68.6794596866328	57.87711719472465	81.62588470123785	21.54564604731395	56.26312640062258	132.3955227546623	46.02500089338423	38.297289721836954	70.41130073056058	43.883024455650414	39.23031367748286	88.50254223049969	22.706748055686447	36.28524364511557	55.230144876217274	198.53034800508053	39.02022043146559	82.23117649689843	90.97864731571947	81.76158362638098	85.62123252846033	49.942302030920395	57.7796881916167	58.27070420978964	100.21305774964505	40.68853694031004	84.45026448119984	82.87037784269582	12.941615733099727	475.9312478543435	195.74051532447163	21.736292882756445	158.02978044420877	24.440171016179328	24.55822902435544	58.39461137754381	93.86649662503694	76.76136253750272	26.53066852375872	86.65010265525217	535.1536048539455	62.88637220283233	102.1643158364922	86.67780016610944	44.514469691264765	213.13057521681318	247.45391875928752	176.59041994589467	46.90893370782932	55.61553108611173	54.90934197515354	63.99928186845151	54.31967735387182	54.3453311256561	78.71843556026985	36.71774695677407	491.56487060424047	136.0447386549535	69.2329232851607	110.45467770321831	262.8830941479833	45.5067134959486	155.19257007751747	372.2722481077908	41.37977352325629	57.32579689955658	57.08604063261425	42.943505634274175	84.34500875540519	43.27994679849737	40.20845357006746	119.26099702405809	112.02953297280888	73.85727212083741	32.82570272136056	142.22755717878408	90.28745724262312	112.71832443096558
2024-07-31	93.21672852497288	85.94708106947019	69.18827571453315	45.96356600530623	21.403687068055877	26.219517414414653	69.82728254859128	57.87672246685816	83.19008560055947	21.99233331613535	56.81449578899811	136.88495054397202	48.025398850973794	38.72510261108866	71.84388980713449	45.78108403643142	39.65633502034538	90.38695745929584	22.691313535339543	36.71066471937857	56.658819358440354	219.16954728481102	39.49523645601645	86.82562508950426	93.6645584526091	78.42993368419464	83.26959918002137	50.68565916508199	60.89168291548101	59.668479706969705	102.12748588874803	39.59536837640992	88.56628801565432	84.67175580546457	12.415828512324573	462.16791666841254	190.0619479452595	23.131289467667795	159.1989780447027	25.97699871990807	24.87757076899915	60.81813381556276	94.30044168309077	77.58181172559182	26.050550090266434	84.08037872965953	537.1515458324963	63.096561844897366	103.45036337443199	88.28739114330642	44.24786387091457	227.58880666283358	258.2192821267527	191.5474271761114	47.97202184658228	56.58267639255317	55.94326138791398	65.16446221526144	55.369355666985484	54.92921869450264	85.30092600247696	38.462315246721175	493.2993780029332	133.29658207937243	70.84004025942835	113.16841807487529	265.83992707292947	45.87162088577762	161.9737184880406	361.44003142143646	41.53883578869168	58.34374818752322	58.12529505729711	44.491938330477154	83.58273503668349	44.117464436826026	42.70259029698796	124.21648221113793	106.90124195910347	74.96128519059562	34.553935428232776	146.01353643234756	91.81733988517698	117.55506577720956
2024-08-31	95.0503742924703	86.33231982570544	70.53671250880265	46.35282128533258	22.255067071539216	25.32639128065027	73.1629702379843	58.69335884198475	85.33709231929042	22.730294067636102	57.89075704496753	140.93448713915902	49.732054625019515	38.78454491348229	73.07635549114698	47.413788557586024	40.73623081094619	92.24373210626307	23.786212457191773	37.66445704695024	57.04706323508394	215.4303268523816	39.52964481392816	90.05845700182422	98.6595292571492	80.11714039843949	85.83863340244153	52.19023800999861	64.10777396623173	62.61035067505777	104.64237899168953	40.00297574421279	92.35623894377841	86.32451173010918	12.340903856413387	470.5186091773015	193.59960303760388	24.439438925086275	162.3376606331848	26.485769326494257	25.208232657902876	62.47824857683361	94.72730005875108	78.3699559582678	26.618003532988862	87.89192156073368	551.263875476651	64.78449601450949	104.81414088508251	91.39599342588177	45.06262857670575	227.7455715243451	258.4631491765317	191.6914507233421	49.64694468538318	58.41445554987524	56.87630790091981	67.72890181845722	57.201759720759924	55.47800331518839	89.53588453049264	40.37054271847062	506.4303102001214	136.53298297688454	72.77783756006967	115.56949503808917	272.09535233432496	46.225728158016125	166.33816755193627	371.7697504906315	42.27440058702047	59.923003690379595	59.90547942579664	45.47310652717686	85.61613767981771	43.25708301082031	44.41043097445511	127.69358575521939	108.81724232633057	79.0827855274721	36.35604467156267	152.55971000538239	91.80538208859684	116.69323665831249
2024-09-30	96.2232441640929	86.70994604265306	71.4060792814415	46.894345178865414	22.723767830633015	25.70173441490084	74.4430726186244	60.58111102749848	86.95490339896324	23.405777938870262	58.881711860000415	145.70895163948515	52.387232636649884	39.535357092131534	74.31136063915667	49.93951853450994	40.4371074122591	93.37440580922306	23.83301096786228	37.96032065784103	58.38517902507863	217.16711489535956	38.06222039752251	91.41709619214144	95.92428373967282	81.44975491543174	90.20903312281995	53.264119916842006	67.71410359932742	63.4086772534966	106.53506080069127	48.14488011427629	94.10295008190552	90.65792723472552	12.38167439900608	484.23586374089894	199.21265911880744	25.29225801179119	173.80719565183867	26.77894950165324	25.544072303595172	64.06345079194215	95.14505128924556	79.01367959690737	28.688299289764174	89.77177613077178	563.97364653451	66.309496238289	106.18662985525643	92.75257277433157	47.51321209062264	232.6067450892264	265.1692067113755	195.16446058441818	50.31515202497273	60.0677660955554	57.48748086638756	68.29902067882809	58.11175104130998	55.94321739063417	92.57186441222771	42.54196337967569	518.3528663423904	142.9057170851676	73.91677033767137	118.83401862559442	278.2261604131929	46.69186131946947	169.35863262004784	381.2048868291075	45.39510283714651	61.090709678991985	61.60959629539138	47.02960738803099	88.69099642931832	41.920256286749535	44.3915783866724	132.4997403287756	111.86318709082542	80.146535565821	38.78024162337524	150.25357350503552	99.13413779257128	118.95600103017142
2024-10-31	93.77843824311736	87.05053092440907	69.6345827383708	46.59650527159975	21.593727231172757	24.733377389245547	68.79645219992963	58.19245174781634	85.18496680575853	22.34106355293477	56.514857580714974	142.72781732203995	54.65532511835123	38.44907996800778	73.74589306000112	52.093433908768546	39.46421437591793	90.21912048748447	22.743363198391002	36.70118883413274	54.56212757836846	216.50116889515093	38.155602310352926	92.26993457635638	91.8209803191655	80.96543912350833	90.85833528605089	53.20012166005811	65.96599777793743	60.73362675675493	103.22341247843768	47.54057370879148	92.44197891615102	85.95924756586723	12.509311105743748	487.09716892154677	200.40099813235216	24.41133389616388	169.36539631948722	26.89183372257773	25.07601640302177	60.279533840759655	95.53227201366931	78.49085184833076	30.37082859617705	90.98410910638654	565.990579905543	66.53125919345919	104.23315350937624	87.4424190771235	45.7715076394163	233.03894043388874	266.99015625339075	194.79298990382102	47.942762130017954	57.57046211330292	56.107549928055136	64.81027657761591	54.95145168117	55.59048341723282	90.47555534356016	39.71402486255668	520.0521499186679	146.65176103278114	70.04811458551642	113.80503153370545	279.4543726893747	46.46744838253439	168.24265125689152	386.34329364074705	44.33748089333942	59.84841547701035	59.08936565234672	45.82284480697872	90.81052612163992	42.45169055611298	45.931361401278046	132.20992199224926	112.33775735202349	77.62150438889759	38.45656226065678	144.4470703853134	98.2154721298891	120.68568968458109
2024-11-30	94.49719465597778	87.37045388074468	70.15209147646259	47.19035364745751	21.507262050054237	24.794528146034217	70.0082042918481	57.259980880008044	86.25959596155712	22.18349161468455	55.153964864464164	147.59841697200662	52.49714793232687	37.920832880516606	74.70297587702004	50.0413043769227	40.40602058139125	90.74757909120352	21.530346990514598	36.62930737272271	54.35019751047501	237.74133952923302	39.76016175561094	98.02933076711535	90.0434748269729	82.44309860683306	93.03606587787161	55.123671212134255	67.16246312648045	61.58986596087507	104.46980435953535	45.187705652243146	95.67648076848899	83.77774300055532	12.348371033828155	504.6969935190582	207.66171071644658	24.915987257218923	179.03455385966828	28.095221449165763	25.141593770126725	60.055263089212964	95.89425885045026	78.6478036520634	27.792611321658082	95.50568849199152	591.555134514618	69.55416650973497	104.50414988041227	88.60325148793893	45.04659420131101	255.3486834919604	298.4455040657905	210.34515756424497	47.56298949027563	56.73382352780107	56.321896097704915	62.85466982002669	55.66537125950108	55.70518044863888	93.439321356207	39.13640321452234	543.3951409825487	152.96839084442487	70.45637095013426	112.8859400858862	294.3812829802303	46.647439816914954	176.53575856614614	405.164480170964	43.13231743555877	60.59188158731932	58.337369889368965	46.107413929355346	96.59994441581715	45.803737280595556	50.298912643305094	140.8987790800667	115.71976975250095	80.0516028924454	39.88600004166822	143.5950175723149	109.39739399601504	133.8626674829918
2024-12-31	93.16666626968544	87.72471288633508	69.17704388791729	46.9678994983334	20.957909990580816	24.60003959318926	64.65276599749396	56.33027669388581	84.64127547772573	21.779006952783178	53.93426533734594	139.71642495119053	51.8838818250776	35.21085660429674	74.24314503581792	49.423487867493705	39.199809030727664	88.99242763228062	19.998569803365683	35.75805400756354	52.78808743389559	219.0092110155269	36.53608886329283	94.17580273685395	84.8718516844104	84.53853167196147	94.32960860820177	53.112055000655644	62.577858829497444	59.05812981745807	102.19005287606777	46.03060079701738	91.72547842645395	77.20266908278182	12.440537086557244	513.1661816373975	211.1515301344616	23.08065011770225	182.57117333379955	26.309290440482492	24.796794383657392	58.78524881518367	96.27574599753024	78.85640369378206	26.500672888795275	94.84565549779145	582.516127216901	68.48587202871826	102.96292566266105	83.76010717406963	45.323757706825546	237.56449520626717	279.7040043928759	194.37054085220913	46.28113414920757	55.68062383388939	55.79163546005863	61.653649547343896	53.005687629709584	55.85608729356286	85.51654986281474	37.794883390647165	535.3046162750686	154.32332966470466	68.27428353255692	110.63014629602526	287.8769131660648	46.606360266895464	165.98513088441157	412.3170865200909	42.946691341969604	59.49331315985584	57.13158671096879	41.331238861824964	96.14172473526529	41.16815184875651	47.77256234470798	130.46640434827268	116.52970272588449	76.6548975923204	36.857262892635106	135.46976338098517	112.27762267824883	122.90281317607716
2025-01-31	93.71366331003287	88.02934386177051	69.60317936499993	47.02969082364888	20.988250971663934	24.90829597484764	64.66896331900602	54.95233495064551	86.0556414673866	22.22582480327582	54.73086724925107	145.92011357769115	55.23877714173911	36.94698879545028	75.30411949001068	52.631065000277175	41.12428265041213	89.57703726210075	21.848912360514376	37.40436845335829	50.83636623235504	224.51980959953875	38.036532488362276	100.02921354992444	90.09704978377954	83.04877843460726	100.31702865109007	54.32417320416624	63.86799645965666	59.98977973327922	102.83046810161329	47.51719097786123	94.42933238407501	80.91753092965695	12.824431519038278	519.6060441434802	213.7971228116029	23.43546828804008	189.5829108144741	26.877341236273907	25.102212078548717	60.545507026760845	96.62451824402217	79.19552528942255	28.391504484732263	99.22878792074886	595.8809320748102	70.059199918878	104.28565517694074	84.21253375205391	44.898816419583966	246.74766237682718	290.8104175792197	201.65747990039768	48.36485456465609	57.57698988690191	56.13561979122637	65.5415427405471	53.33396156362134	56.10100052819743	87.11155530926933	38.2972990050363	547.589480980406	163.94913887079358	69.9297183263908	111.40187388717848	295.4639669011432	47.03506081424605	173.0995785000492	417.2071005636038	43.18626430084061	60.39408271333045	59.040233952035734	43.60195163783385	100.79803159552208	42.993919490905675	50.778453171539084	136.74322869036806	115.09054820688613	77.03590613989755	37.820666608234475	144.19818755395556	115.08010425524523	129.62936470595398
2025-02-28	95.51010692540552	88.3179677984613	70.90773901171525	47.41189913870964	21.283584039695143	24.426518278126167	68.90964610400785	54.517891909839044	87.56316549639507	22.436812507087723	53.57096710073139	145.41090211716258	56.96842551312144	36.79127848646335	75.89556627786878	54.2707036776985	42.18942118829692	91.75036877075658	21.695054363177636	38.13756389848105	48.482769200100954	212.1414734468924	38.52956504298907	101.78105390064707	91.41159931700545	81.87603259992447	99.58324080917488	54.764867168007626	65.31792862271006	62.5129438021891	104.94180182929435	53.033983687211816	90.59599873667254	81.57896190789491	12.934191826150899	505.85848119359315	208.2096526752063	24.024236471540636	186.1766757828196	27.302887825820953	25.568165491697314	61.07460796150113	96.94357737444597	79.70014654593092	28.52283774456047	98.55694853208392	585.5162441387297	68.83740064947708	106.22066547924472	88.24197385501209	44.87466037777145	234.07210175581864	271.966876491192	193.3959930330341	49.46062967112401	58.90896362324156	57.07971044693778	68.07680363522508	55.685645395991884	56.46433000237217	89.85440620466801	38.67735493049368	538.0925362574701	158.23408557666016	70.5613540004421	112.04726779251962	288.56865186065363	47.536328298941825	173.36423384037266	403.27664730571394	43.9110086555816	61.46809289506505	60.27303642516264	43.400409652109445	100.42543477359283	43.713881159950915	50.89930466939279	133.72784040339278	112.42220897229467	80.44402110603244	38.43248926858961	145.68034751603903	106.72098583239749	120.67647320087549
2025-03-31	95.52369624813485	88.61140669979314	70.94473859046836	46.89783923961456	21.427970259667482	24.013282819666905	67.11729680981492	54.304894483368585	86.75549109071736	22.65225285093816	53.72031223832637	144.32518449270634	61.24637191562567	37.933969536232155	75.19102549143886	58.33956217664917	42.96335424972427	92.08797753718804	22.649951907462913	38.28749144138519	51.48277024114586	199.43874190301432	40.43502220337777	100.94982407624883	89.71335914404752	75.54947917943844	94.84982558551033	53.14852157935882	66.87351390141535	62.25943027218662	104.45728826946961	53.53729968082483	87.09958198315415	81.38341634986753	13.045917358556439	471.0627908551645	193.84092062914567	23.456958215961905	176.07971681053186	27.00185965761689	25.751473747732554	61.93349430952736	97.2734312443411	80.0770464855072	30.965679976905044	92.53108412923524	555.9507886436228	65.35671400255443	106.96352059215884	87.09612233834194	45.657587705263666	220.8019527844609	253.07211058126427	184.28326327690445	49.720061290789644	59.285059155796915	57.41045630376651	68.85295557646461	55.16641669628703	56.73056812747077	87.65757833284344	38.764962652971974	510.8395230738421	148.3859404078105	70.5152692407602	112.51042217046228	273.4139592945661	47.98856929236944	169.628835889885	372.50230438834376	44.227589732837174	61.032952170638495	60.64391573321129	42.310957829296946	95.98247701107752	45.39698556890956	49.24697563731265	130.01646182284276	103.62465906193674	79.231749039357	38.32543421506574	143.46416020801738	98.82243583266992	113.50877956288858
2025-04-30	96.05427045311777	88.91490710941906	71.30317743568877	47.68124082289464	22.687939259291554	23.98474861484467	65.97946627269022	55.4210784764896	86.80618422153103	23.35555474215502	54.79622800933345	145.8496202126792	65.59043763090617	37.104176537514846	75.36709735491274	62.47820302760408	45.146872326550756	93.12061151677477	23.79544635260389	40.264122488941496	53.4714650956454	193.15952627609215	36.14248860361015	100.71272090012405	87.21524538181406	75.72232743548133	94.75261182573864	51.87117611390393	69.35437447686932	64.36433271099503	104.46887450917961	50.56656658884801	84.4952005081192	81.363339094613	12.113450796703928	472.1337406145981	194.3615649195095	23.326677871371167	175.53284808776021	25.057099585395914	25.82486119007869	64.19718569054554	97.6188722144295	80.71046349822659	29.804005578801863	93.75004755135618	547.9904117938631	64.41451182571916	107.28474349970409	86.57104217222857	45.37984997639009	213.74585087801663	246.70403217217856	177.37954300219238	51.253021003596125	60.43305511983189	58.13942181413523	70.87252215514889	54.93976071504429	57.18275801920945	85.51754648490572	40.79557204324986	503.65879155608843	145.36104617150698	72.75956275800262	115.98870073743475	269.5808826414958	48.394255917105525	163.40829891801252	375.83322212697396	43.89886807531235	61.103273809573174	61.85443334406891	41.10801411346571	94.21649592127588	39.77061479181863	48.06007921447632	128.99619257377958	103.94483772265198	79.69022528212304	38.618461589933986	137.64618563580154	98.11378866751078	114.37981221259817
2025-05-31	95.34651370688275	89.22684305909462	70.75905933097263	47.68186507566351	22.576619578879487	23.944802531750504	62.280998285632826	59.4846386140638	87.52042398186379	23.710861105869377	57.743210055937006	158.61318550119694	65.4076558074006	38.19139013299765	76.48981021136272	62.29941135844648	48.12434247671208	91.96825048487806	24.338038268461766	42.53782814750434	54.38969096865139	203.6309154969983	36.63793792760504	106.25006587507143	84.12466776164234	83.22780076223317	102.07993603808549	52.97777724959923	71.2976191432156	65.43277136222902	104.3063669943779	52.184936920990424	88.4244495570453	84.14282984575614	12.145620446056355	517.1467562269014	212.8576073100377	23.993134308021844	186.52698302158194	25.394449396940786	25.63714943024554	68.05286210262611	97.96400926634968	80.52427113742259	30.103657513922805	104.4918171707622	583.9282148950997	68.66259982492518	106.54534329245107	83.48637823078258	48.06943070982996	226.25795848666954	263.0051810820547	186.68192057731162	53.888594064875974	63.38041796910475	57.68084329188167	74.65774014483112	53.15932547761555	57.059937345109425	86.56816519104851	42.04106979520009	536.679875345148	157.8242767641388	76.05607409689914	123.30547353655487	287.2204250148987	48.23273354088055	168.43479498646977	411.4875709520278	45.982051009490306	61.562537386581624	64.98098579280591	42.5212952487459	100.3973129983626	39.90777556031397	50.32697568047189	141.20651798379168	115.02129719469947	80.645314519931	39.882776122887655	130.50853956345543	106.52559261941317	123.51709118211782
2025-06-30	96.77383255123455	89.52844745714373	71.83222955029797	47.89065964387496	23.103465376053876	24.54708655265609	64.46898485422577	62.89788705768699	89.67643566868364	24.353953947649547	61.76336439847021	163.44091993874062	65.46934103995781	39.468614267344584	77.80282595748143	62.31742423162319	49.67336914016281	93.49195518326835	25.329944361924223	43.835502904597604	55.61021494774158	213.89645208918486	38.57725874248208	109.39707374106099	85.30688475616955	90.91474314014559	108.58808702769149	54.12361633002525	72.63395246291864	64.37987439309077	106.46903174378629	54.5162454825808	92.20369547044868	84.61774668003632	12.576765886819981	547.023484822098	225.16074225054984	24.082701357162296	186.23272303930366	25.921750314834	25.912996370641487	70.86932163024716	98.30169618268427	81.02370193420404	32.84065214512955	111.32319417084699	611.2188284440125	71.88111097300342	107.63646216795486	85.63007713515665	50.56485899718189	234.73627653846876	275.0952531170558	192.70600279549177	55.538478257013054	65.50029871726761	58.41521057076892	76.22245159108073	54.460826065614015	57.42147833124987	87.20210312612869	43.91884443965755	561.8899651056317	168.63421981985158	79.1252798262412	129.73358933079746	300.68772704258697	48.48368147345064	174.1569162933989	434.771655050011	48.15383936614955	62.98532427122991	67.25174960668497	43.43089232495703	106.86466183632444	41.83440778300761	51.69505919353728	145.51028862668846	125.42676879393886	79.53850308266311	40.133013465498024	133.163349351404	108.03511735379635	127.69706610983977
2025-07-31	96.67733344387449	89.85451427644814	71.77684609644892	47.84354633892424	22.40901389917265	24.520958933077925	63.67212581817654	62.86251616593627	90.55593418707171	24.17654275390342	61.88067810365046	167.0849630490925	65.252922068651	40.032749674079625	78.09880349205741	62.11270416128251	49.75061874280134	93.095377930632	24.422652102615242	43.325995199349634	52.888889654271395	219.58221101082702	39.5915770271021	110.54827482088012	83.95459465681415	95.10429433703978	109.91517561453792	54.570265562885	74.05749534568062	63.40691782305093	106.68542159534978	57.16019498939809	96.36707745993003	84.53100871192382	12.915722662056366	564.8634334453203	232.50414812654492	24.104428247533782	188.43324918482443	26.239720715448414	26.00514283245595	71.35219643635851	98.67109191914264	81.00224921830278	33.727562386487	114.9683018418813	629.9438028976915	74.08073439249343	107.92848942413615	84.94527985980397	51.555835188184936	241.52237101533544	283.2717424778257	197.9088074543528	55.418574313861285	65.59327620011783	58.24482594645084	75.46740302185967	54.12243555278909	57.41936644288582	88.34925460952957	43.44902334074009	579.0709465770951	172.33012376216078	79.51802453194192	130.54678295946908	309.9808380224017	48.692542317036164	176.34141030483684	453.8469152605437	48.83923867299205	63.60386068086868	67.36223988341649	43.986913071919695	106.3033707169815	43.05457296750864	52.24620140126498	151.2327239005982	131.32701848533623	79.10634517591402	42.00670883257924	131.34683311010036	110.96186051517526	130.5864785788687
2025-08-31	97.8572161477985	90.17315305603877	72.61320038456606	47.912188335821355	22.7547522959713	24.832969372826042	63.292635041379526	64.76708976165617	92.15570653944235	24.70364035956504	62.64024786975366	168.5489593543981	67.89515725302772	42.21959261818144	78.98635147390222	64.62515693325753	51.58617168309538	94.60227688137957	26.37266049140219	44.967355075175306	52.33206362378967	233.78857787619768	40.9224727853168	114.36981541174274	86.98852676426625	95.25240522514675	115.56692596031243	55.31023748149654	74.41177398542652	64.8090655814359	107.9402566038064	60.206501391558334	97.21258843994138	89.33642013133203	12.724419442076307	571.1563056114971	235.11997624807447	24.893657077479908	197.12949595113182	27.323138379661664	26.38516460067724	74.26158203134798	99.02477814757134	81.66732908174457	35.72258038478524	116.47056116742263	642.3462582485013	75.56201855406478	109.52791965968923	85.20745620708739	53.86521539504949	250.89231475038184	292.1672765402539	206.87868575045	57.56313945446663	67.96292591908386	59.09284887882432	77.74031829219693	54.43834473789092	57.889159606895916	90.2876010812015	45.0819340452595	590.5618062650142	178.91081157261937	83.45464963894305	136.23842388345633	316.8601220937577	49.29112745506393	181.20979838113755	459.28819023182905	50.34605268013799	64.67918997287498	69.85962730289069	45.62466333481705	110.63002236236355	44.15276619020365	53.49569917704724	151.41959169428296	131.48494984137858	79.50940828158446	41.72911880934349	135.8609917875878	115.91428758784598	131.23485167818188
2025-09-30	98.9104263563569	90.48882797953235	73.3858355862736	48.15575239819682	22.78297736910242	26.172704708441277	66.82199277021485	66.0716245176372	93.7248781544759	24.98934229252081	66.13962143158668	171.20723350936606	75.7594688314859	43.446165651895875	79.62752804631623	72.10726241396904	52.554273616554184	95.24759312691688	28.124310831271416	46.0075583667373	52.19776646291663	240.8630381088605	41.23977895711088	115.47780649777067	87.02385208327607	101.69494556839075	120.65354970352607	55.52449195568787	76.45440506933679	63.436681737627964	109.79058009153346	64.62665256884448	97.38002592775007	91.28707028724696	12.967286548011925	598.019053113586	246.17602180426013	25.078517487116805	205.3125148476658	26.93330727267364	26.499885458949556	75.0633361058247	99.36748366280416	81.91436692776972	42.089615617529695	120.58525650307782	662.3066585805818	77.89782127389807	109.99370396910484	88.04488827915593	54.36951395617875	253.22737902957843	297.51313883775316	207.33223833012414	58.74026799540594	69.9335917265148	59.267663733716795	78.65888252081277	55.9973704484827	58.07752495677024	90.33137605933898	45.406708733443374	608.9144879583512	187.51445686549374	85.54660203080797	138.92615678104156	326.40227226081305	49.2714322374128	184.99831925222932	477.7999271739888	52.95558461467887	65.71288789829774	71.88903623045215	44.42041567243495	117.89957116306792	44.635581818536124	53.71276736254106	152.9094205600221	140.13184435671917	77.6000982139673	43.135073637242606	136.83518776186943	119.61247606646977	134.60706097950052
2025-10-31	99.68616318412242	90.7986914633872	73.93537299093191	48.63838522139238	22.61304244879435	27.26393557250958	68.7154186029886	67.26433754054412	95.46684015100821	25.116665560280648	70.925711589251	173.41128748979327	79.17923945957509	43.26361575970152	79.70244026729266	75.36676494523644	52.757718952645746	96.0372618630386	28.677613675043105	46.02011674390377	54.20567001040821	245.4781772286134	40.84114170770846	113.34800202861067	90.77619107135101	109.65518438463269	120.46869018852618	55.827708958408685	79.293061025365	63.09102170713709	110.4252704388363	63.41422197609937	100.21630931130653	89.93663771676609	13.043370620010304	628.0517897752736	258.55715804270176	24.879034183692006	205.16857340478595	26.495801125414303	26.602437205419378	75.0668553543388	99.71838949167415	82.21791519051104	43.870051627614515	121.86427309033184	680.3091963668943	80.03978245787424	110.39442942423717	89.6551587634518	55.62358908968548	254.10301260651525	302.99063858286	205.70156842147765	60.08355277090587	71.62353766392492	59.6297798983239	79.87039006056607	56.9476556373655	58.29004871626862	88.54415272019571	45.253719744108025	625.5743292021577	186.77827761606466	89.13951313625986	139.33806274399032	334.53522267368555	49.320376993246704	185.04874546533728	498.1876816280565	54.12165617363543	67.01755850782014	73.49237960982532	42.98979608532292	114.70835472689723	43.583332551055705	52.20048349830526	154.42214096426102	150.14894348976586	76.08185508346567	44.45800388530267	143.80696359781518	118.92938821272989	135.83762082284255
2025-11-30	100.14758476584075	91.05380815858499	74.29637088896138	48.5608736827115	22.434407712854586	27.70593905281295	68.07254864552448	66.2707358515654	95.88782912661077	25.415925847422308	69.57427952013487	170.20043140519226	82.71243933606128	44.19150611599099	80.1392836321793	78.7021425064539	52.938859504032564	96.90824917734406	30.114584480745975	46.324918538131776	54.60012735548778	245.61047563811945	41.8122212625549	115.02354094872604	98.01796738324506	102.800366220142	120.83800038091664	56.836277193469414	80.40093050288989	64.81068596409601	110.92861289504867	61.305773281534535	101.31802738296528	92.13718232687066	13.124750197953091	613.3163500730325	252.4878022493186	25.14229903179175	202.3949598531072	27.164196500607723	26.651138278468707	75.30117740397495	100.01301213995245	82.56796191480797	49.30680656981578	118.82147470381463	676.9508269596697	79.64313758505692	110.62343591502072	89.58254934046955	55.456670556553135	255.6998225817816	300.59178099805985	209.24682518490556	60.146753361236605	71.30159096463944	60.090343340613046	80.14882658126248	57.0093986605879	58.54775987832204	90.11598310280803	45.499593376946784	622.5435911357414	188.95151100797236	88.0222866980514	138.90392485904974	333.092621136176	49.439751216369814	188.2007747205959	486.84743234119094	53.052910392517774	67.23869954299049	73.15050202439568	44.10501755930531	114.24731601765191	44.515385328123585	52.74914400683735	152.22629535752435	141.67903851109907	78.19331336347254	44.66737712598821	156.88827463222452	117.0042065488345	137.73063258743258
2025-12-31	99.98721342361065	91.36952001401322	74.15851303732947	48.349751395077575	22.550597861160327	28.12134457921337	65.41737284807294	67.30602177532617	96.39034361265392	25.809303887323463	72.58068049013667	175.89431017657068	86.01107358235612	45.95524804222821	80.64237718102083	81.79678805532097	55.69771202754727	96.31572774277998	30.513491761015423	48.080440629188566	53.86516173479848	247.80541119559032	41.90781551882713	121.27452848022506	97.63203755676118	105.46039932378444	121.32433641834066	57.39059711668783	78.75038354823985	64.79327143436828	110.42471328828496	60.344137551037996	103.97479583018045	97.12224648165605	13.32269124365827	617.4494943142502	254.22074726358045	25.011863742644742	206.18905680612113	27.527791786517014	26.511672463067036	77.70738466623865	100.3671440864992	82.82052012258993	66.15935857793784	119.96205730980424	684.8045698973779	80.56125488846979	110.00676071341512	87.52250868840366	55.50888123399495	259.6305361275065	304.3124485629122	213.08335554402197	62.600714146113674	73.68696429332364	59.97873446664741	83.71714590335432	55.96566887185309	58.733367867131136	88.76268779708542	45.91747480469385	629.7562681366718	193.94999197954613	90.62500850105455	143.57216355764328	336.7841697045006	49.45810566890681	191.72026495919988	490.1680854812851	53.756573588544725	67.50245924729975	75.56282076781208	45.56271440294924	117.88450742301248	44.70523396410333	55.03713266846226	155.91034959390706	144.8314601414512	77.92535579198187	42.78396207648248	155.25481344881325	120.1743260908431	139.41857534411878
