	AGG	BIL	BND	BNDX	BWX	DBMF	EDV	EEMS	EMB	EMLC	EMXC	EXI	GLDM	GUNR	HYG	IAU	IDMO	IEF	IGF	IJR	ILF	IMTM	INDA	IPAC	IWM	IXC	IXG	IXJ	IXN	IXP	JEPI	JXI	KXI	LQD	MCHI	MOAT	MXI	PDBC	QQQ	QQQM	REET	RXI	SCHD	SCHP	SCZ	SGOV	SHY	SLV	SPMO	SPY	SPYM	TIP	TLT	UEVM	VB	VBK	VBR	VEA	VEU	VEXC	VGIT	VGK	VGLT	VGSH	VNQ	VNQI	VOO	VOX	VPL	VSS	VTI	VTIP	VTV	VUG	VWO	VWOB	VXUS	XLB	XLC	XLE	XLF	XLI	XLK	XLP	XLU	XLV	XLY	XMMO
2021-02-12	100.46534573482057	78.21594120829049	74.54836438772043	48.319148169528084	28.319472079669485	19.646667312997046	117.72582523267324	50.256069853378314	89.26437887138916	24.655234289107717	53.90650335033645	101.34317327465544	36.35567180763288	29.497168415915834	66.97643803875576	34.81471889798499	30.489621776156874	103.3642524309045	38.1163582092806	98.19386514362957	20.297512117301295	33.096545903632304	39.9047138403681	57.09757928719559	213.3324809846852	18.516191234198114	60.317681329825525	73.14363244828998	51.73081635118455	74.70078295328139	36.67231656955074	51.360756301408586	50.43894861261605	112.04019134996256	85.9664486116466	62.42875433357108	72.78057076721952	8.523971950438595	325.12329920985604	133.3858058000745	21.140218859265648	157.26772466412226	18.68736535893314	25.18419378304551	62.2614284599129	85.3627420394926	76.178506431025	25.211211364152025	52.521852670816855	365.3591791831362	42.83978114282507	105.3230003417204	126.32162881607121	39.18748171644112	201.67646998883092	292.06360953793563	142.0424396469194	42.04085061038448	52.95646153493299		60.02269343323487	53.0522201742646	76.46440730730608	53.765412569503155	74.27311555279012	44.43342700407136	334.97609030847565	124.86361242553687	71.28901526699632	110.41677975651749	192.662445785449	41.9099971723268	110.0953122495767	260.412373937989	47.59799843600322	61.63822991621081	54.523101781525824	33.47438752293573	69.20206053895156	18.364935503454312	28.767414944247726	83.356488971417	66.2788986658463	57.61402803427839	27.01075500132967	107.78137030410569	81.89408248221727	84.0476594421373
2021-03-12	98.34946188292326	78.20662388836855	72.8739724470668	47.75528906602782	27.418541157786066	20.169302858503368	107.06323885301678	49.781601194162185	85.64276121168864	23.521364081775356	52.70972282660852	105.38169881999288	34.275906070098934	31.50141910473007	66.27827421530154	32.82392051126532	27.874469757018844	100.17898970762464	38.72935401347555	104.95281633312283	19.463845441295508	31.086177231363237	40.13928438086684	55.930954232547656	217.07832756951657	21.50259191606025	65.127353491035	70.64251894180832	48.78633762964276	74.0769558423342	37.25574517987718	50.353525703154254	50.08220934829079	107.61386414587736	76.14974163770587	64.29302515192546	75.45391943112392	9.152584388289554	305.30846549884643	125.28213522754713	21.693223460137972	153.15264322688674	20.130527896383754	24.734571282004172	62.206013399044565	85.36385147537402	76.09850659617499	24.09029183343338	49.108060931918736	366.08486822152014	42.93062823600193	103.36867038870957	117.55647881666641	38.00052297014233	203.535954554309	272.6940434401654	152.9218486599177	42.03821716745546	52.10019232850424		58.97387174088229	53.87497217358984	71.31229271092849	53.7100529609183	75.10819515277187	44.94303895308514	335.6342363461466	126.15335126099654	69.31013849374264	110.58578899926457	192.12944210288785	42.004876905195935	116.13716079648505	247.18991998411147	45.059605820616596	59.276461531959995	53.7178725698533	35.420157137305694	70.79581682539107	22.0850787665558	31.672231667635685	88.8462494648857	63.033528656532916	57.69009790046966	26.575066442552664	105.45095984843826	79.45872566060318	79.60095722058817
2021-04-13	98.70090384708844	78.1963689725075	73.18081563971761	47.76464665156799	27.340515512290136	20.176397301358936	107.7064506243363	50.87451169026292	86.86537205012064	23.420162338147684	52.97725528665538	109.5636192615858	34.65076316667386	30.90928657209317	67.03107372712459	33.16963523696326	29.40375808709632	99.83419498173149	39.52205018144701	101.11630781781257	19.522001577366243	32.742402420042424	37.88806886123996	56.74309352550711	208.80274035613746	19.845263985333904	65.95890892612252	72.9965854817028	52.51480414523156	76.65924117833768	38.540273065054976	53.21450127509823	52.589524672824496	109.24236194291517	73.26463014636079	67.06007757301774	76.6005335581108	8.874279043098035	328.58718109644246	134.81793250924977	22.444706296395218	160.2754985364927	20.8668343594829	24.84484366105417	64.11189807398145	85.37096762208145	76.10570845311834	23.370708261987534	53.429594674423285	385.5188433138095	45.197817408777354	103.7966931845817	117.98128337008453	39.19592428963932	203.21767885422972	273.64115032352004	151.95531422213588	43.183110629285515	52.86800845027905		58.91050499049858	55.570038717745234	71.56414719589822	53.72123431987916	78.8689291802015	46.12633207220461	353.430709748975	129.7076988033916	70.84353113925125	113.58958992253805	200.30172058762486	42.1567045688179	118.94688057005237	265.92537002575114	44.30669463636024	60.01556100944569	54.589959934542975	36.41386775139776	73.14591646772644	20.083351040613504	32.29189432068415	93.30520064052911	68.22421847388857	60.848547439225555	28.226386286827108	109.43331819355157	85.36931428345302	81.8529834520838
2021-05-13	98.61744141153916	78.18949226441596	73.1525729252496	47.38864726915793	27.404477262161524	20.394636212604375	105.93676603064505	51.501664063942364	87.64377947502734	23.879177431359526	52.99720071794364	111.01505454257259	36.354933151502024	33.264179143018296	67.05362370745186	34.82218332577291	27.744662546309208	99.97024053286916	40.265996611257215	100.68708124929563	20.693602454273407	31.81703439679708	38.96831823735367	55.37850583760838	203.45928559905366	21.25058433641187	68.89561236562278	75.18628622081533	49.441108254469164	75.5862803842648	39.506678955009505	53.18606844538246	54.0993420163462	108.88091508550107	69.65387651639249	67.8297075775217	82.33924428425077	9.763059322289342	311.6274405905915	127.87432852996798	22.85511611020737	153.65473896811116	21.500589479519864	25.304381510953313	63.65566859158517	85.37334578426902	76.14544017607554	25.221831308154783	50.53450310693612	384.5724717152076	45.10310195537445	105.66881935431806	116.67994688906906	39.9156624907431	200.68924277311743	256.8646455913274	155.60692271246614	43.46194981502081	52.92138789125711		59.06121617011506	56.92240980384598	70.88856684316107	53.752335638777595	80.25128753629411	46.36364205854915	352.6271938981554	126.87984466768012	69.07253413224191	113.87415789153007	198.49111539568025	42.635157146463065	123.39724152596233	253.9866430409931	43.79080227037244	60.53681246969811	54.70775850546529	39.414187671612986	72.28581684163066	21.860199219391212	34.231355023114105	95.8123189701587	64.26109000784484	62.04417483319651	28.294576932470413	113.66763836587576	81.3439972881529	77.72494151780711
2021-06-11	99.71245062165167	78.18327430824232	74.0181474257991	47.85331790091932	27.758382422970634	21.072267843817883	111.84059593902055	55.46350994838658	89.56956576246348	24.373527550071554	56.242592820192606	113.30277213061511	37.524308513037234	33.77352978872287	67.77985393657994	35.93157808548649	29.293059405813686	101.48012574983562	41.28715181562226	106.13226938901872	22.40171866424033	33.47398287668571	42.12913365380088	57.52761877105526	217.828799769817	22.573066788151408	70.360011828952	77.48471952218028	52.4767181369057	79.02103576545008	40.17677954306727	53.664040923590534	55.4115404685796	111.6015234464234	73.29061791476053	70.57213370839914	82.13488976055979	10.139199506035485	330.1721931065541	135.46499870676772	24.741892320982725	160.59273121242546	21.74076767012058	25.480654515687228	66.58063189530944	85.37764236497009	76.18189695718418	25.864829675348105	53.06609419244626	396.62686407725425	46.51706409984966	106.48241112785392	121.7532290772724	41.68872595051081	211.5810562171859	275.42509300362747	162.094681026782	45.44918989053029	55.59050142164163		59.51712902317177	59.76185158238221	73.69661465121487	53.77807601403501	87.70601262946555	49.29268361369244	363.6768431403002	133.7946082724011	71.73348648174719	120.0404482591084	206.14829378817723	42.70224283965084	125.20452024628497	267.4381513616629	46.62133974769338	61.86730748094912	57.43301615078106	39.18348356597858	75.96514218319925	23.214961347212245	34.64497896289079	96.32987908781267	68.06246902887935	62.49461543170462	28.49941857731601	115.17910556575004	83.01168191877814	80.76063614328112
2021-07-13	100.17518419366144	78.17822563080018	74.39846167296716	48.02190962437847	27.22983364499651	20.84014266367391	116.4969381561044	55.13012140509882	89.2938186433571	23.6186195613118	54.887534873598725	112.66384190397712	35.9420955411994	32.37931182173487	68.23022228798806	34.41184981032094	29.951457444200543	102.1584740025284	40.407434891322055	102.7336468959395	21.561433327761073	32.73614329912519	41.19632446577018	56.72478783202331	211.41586009973415	21.61694460258972	68.04924165514774	79.68897602028721	55.72664029706502	80.2054810020134	41.05924430258109	52.74225089316013	54.949352751318415	112.8125244982871	70.03156822536356	70.37865751630201	79.712340420957	10.162217485575757	351.9919365721496	144.43709381495978	24.623954088591056	162.9316279218491	21.503778237572625	25.74400953363001	65.33652032008317	85.37721374899898	76.07540259080851	24.150666529065184	57.476075327462596	409.21232615903256	48.01294620561066	107.61858536851503	125.34078808121646	40.7972615665974	208.13624268797213	278.6343400098914	156.0938134631216	44.65518653424703	54.439710013434535		59.53054623232723	58.64931150019915	75.78020012807856	53.71561888796161	88.15183285152484	48.48858670127857	375.2664884402154	137.53671974086643	70.62372565152523	118.58258575711673	211.48359123965625	42.926362718586	123.99368450786234	285.80831034257926	45.385778461554736	61.6438069843488	56.35326366441875	37.74016512528418	78.27998400334442	22.194688521039694	33.94747628680555	95.97615204221043	73.1200524859703	62.12797387119548	28.114960897183817	119.7798102009173	87.73984450033521	81.76374958481065
2021-08-13	100.52890705873028	78.17472627849419	74.63768420347348	48.52478625489651	27.401001046516974	20.426650014124043	118.2794934783139	54.194473513973456	89.58646534505206	23.57854662243217	54.76462782557971	114.99889105135853	35.09671332952334	32.373945802065606	68.05400889696074	33.603328419065726	30.641104682215136	102.87318731705682	40.41774324599401	103.35852325436696	21.11751191773982	33.86516991974147	42.83519380887823	56.96300714093685	209.576712472213	20.85195156224942	70.90442950973848	82.04409154902666	56.71564627854759	80.43080071383866	42.03727589543111	54.99615813099655	55.86799997027862	113.06049841917431	64.35304009687272	71.63479850263175	82.16901291710735	10.107899827138835	358.0048369066636	146.91189862050555	24.90516932419465	162.18346712542038	22.006135260970467	26.098059885036097	66.75809588520441	85.37791904728161	76.10674195548124	21.839011507776753	58.447026405234865	418.1132349067975	49.05288575576913	109.07066112613322	126.86132465943118	40.088817193014776	208.9979655023195	276.55043877575395	158.30578029559211	45.428818587637224	54.69478707685782		59.73121084607806	60.44008167468433	76.71743921248562	53.73665722448149	89.52788746092395	48.226514784388684	383.4194766508455	138.1790187089527	70.73146377606005	119.53085335120221	215.5725004426761	43.17551868976736	127.29711563277417	290.97665177474016	44.11086728579744	61.9020877331314	56.640559324226594	39.35678565454275	79.38837757635616	20.97634453340694	35.71038723456387	97.86257498679534	74.54934438297416	64.02269766730959	29.788828302135386	123.87053685230447	87.53826066452066	83.10005633639065
2021-09-13	100.83609467306746	78.16806587180125	74.88350408190703	48.24345311971981	27.339740328427137	20.46953223981924	120.02307648794354	54.982010726889946	90.67197527404049	23.800255807325904	55.77590986743088	114.56978550168895	35.65641588171573	31.594969225620474	68.76151789255567	34.129396326799636	32.49755247422853	102.93019755988941	40.980774149731175	102.17557422203652	20.09931772231373	33.944877989394094	45.944571358981364	59.403471237530695	210.42572811818434	20.566355582435754	69.85610258092773	81.94529897344304	58.033088401106866	82.23506634384037	41.984504588219906	55.140063215566904	55.87903311242184	113.93514004886418	64.62593974445679	71.04961944791509	79.72955405250731	10.24913421496164	367.11353105651494	150.66987032926681	24.957266521355294	161.06924617576735	21.651458650852227	26.28950861525231	68.51389438458969	85.38384185273466	76.14561276684168	22.069750685919036	59.71714643950796	420.1964772992791	49.289875872573916	109.81545411420444	128.21185804066442	41.51223149676623	209.26525108442974	283.0837728875275	155.95120599069367	45.66664391245729	55.142903322718716		59.78607245614525	59.76521121161484	77.5179732258562	53.776625205814604	90.3819287657335	48.234040845391036	385.3549097111219	141.8168757168339	72.8445114335003	121.31270671317188	216.61632090359328	43.43528988085444	125.19381707838721	297.5583849556548	45.10999949885879	62.60194899959201	57.092794321833146	38.38521910199495	80.8030362587555	20.50048287652084	35.024706209037504	95.38092810228721	75.86356166639357	63.96419848150275	29.918888850589088	123.9736500240761	88.35639418566208	83.47779219076317
2021-10-13	99.677547817487	78.16148763364205	73.98623226635691	47.56350258388809	26.474916980136996	20.384218163945715	115.45921797662719	53.86934963542009	87.87786712364166	23.026637957540295	54.07649928615421	110.15763450814288	35.29226801360754	33.13955185691485	68.0598958140175	33.78577668761815	31.110312728101594	101.04469225418117	40.90875675000103	103.51543972187912	18.76296101549137	32.4015501547029	46.21493552153308	55.89450419339806	210.02796652980584	23.795681814233575	70.73946446995447	78.03680744456547	55.10981002687997	77.47343787424255	41.19232032447414	52.10944653912223	54.156109583912674	111.78980873427403	62.39172985696982	70.54349850204693	75.91125809286515	11.180504118616035	349.80578360966456	143.56208559337983	24.476972871601607	159.57323940405738	21.57781836839647	26.186216659831594	64.60570530432081	85.38198730900135	75.97174895246418	21.123524703568567	58.20436805322937	409.9892495385951	48.08861703723798	109.38240091911067	124.27085275169276	39.57043119571282	208.55251389445584	275.0925596857783	158.34809620703612	43.834199824331066	53.17095836579506		59.049543179855554	57.648646160883374	75.16578241710666	53.655885115451056	88.44163006221638	46.40271355603764	376.00510936406266	134.48699110530566	68.39975874742377	116.4703256747527	211.97280529239725	43.438110998830446	124.31248812332522	286.46908157245457	43.96926497201613	60.77960628961893	55.09487311656583	37.40383548138823	76.13007628357003	24.071315232475246	35.72066218303879	93.57340910379754	73.05901224448962	62.594194268666655	28.427346626267262	117.32899073646742	88.51876420262178	82.43293605299219
2021-11-12	99.84548709588407	78.15157899009593	74.17338943545917	47.855352767278255	26.49137948835745	21.158666487710875	119.55131785717207	55.62764819618659	88.48903949736959	22.83680415439083	55.24207243931217	116.55672097428481	36.94539201261005	33.72509767836316	68.3940942678267	35.35502775009594	33.10654778545251	101.0878480919526	41.76024665401303	111.37805760440045	18.17808325009187	34.18746350795388	47.006945940236676	57.06522444223165	226.54503645805312	23.974694863890555	72.99051083104148	82.2947120444995	60.330550038890614	79.55775790937051	42.568456904899556	53.69579394538573	56.42448702572818	112.57403264575953	62.96017558813458	73.22557594922262	79.36497567917726	11.21285872447613	382.9421845700484	157.16727412695343	25.645728329061583	173.80131122699026	22.567298513938674	26.678102960840604	66.69693803803968	85.38565191234346	75.7722286329919	23.214450526990966	61.92836508418064	439.23413630181113	51.53641502887278	111.39121721719322	127.63398624510448	39.91896271991856	222.40994165065257	294.0524133395447	168.59675315187934	45.485060772926296	54.92390834830413		58.809273110332875	60.31830589897409	76.86843048956405	53.51333522004674	92.88176613043895	47.47963190344484	402.843702933936	136.68454455842385	69.88933641461004	120.74076705871727	226.82643463301707	43.84432716507233	130.88289659695045	310.7872368478483	44.83067620575366	61.14075081455495	56.90687820165424	41.081100182620546	77.33559993363153	24.68643325751769	37.24614249310095	99.70148589934956	80.48698365482933	65.01654060332882	29.300429786454835	124.65565417448573	98.40377265576801	91.93256379058366
2021-12-13	99.97864258999968	78.15140492189502	74.25472432998868	48.18256575197518	26.417860942622372	20.425284107077342	122.05635425431198	53.93516183333562	88.54836874720338	22.28955745592862	53.83674824318164	113.78000418792021	35.470907206602874	33.15451488130204	68.36940491191288	33.93915882545623	31.98108227115104	101.97110756811472	40.600689492756274	104.74679661811217	17.634788682398558	32.88074531864707	44.700783388182884	55.48501276847381	207.07940217808223	23.321533505726293	70.18262839121769	82.02899620076275	61.88259962604101	76.25053599527342	43.088054578935285	54.992988069866286	56.67048203758796	112.63760912839358	58.68119695806406	71.08830764172083	78.28772203345646	10.661339510638346	384.0277699741565	157.66439966580185	25.76768559963896	168.57812814019755	22.44522594636474	26.3571509970593	63.434909322154	85.38981615681527	75.63213132669298	20.564287244172807	61.20628062065347	440.68640220573224	51.71324209402512	110.1110511170018	129.74185121866208	39.53251212016244	208.12223846705362	269.41122617271265	160.10948003579418	44.022944322422596	53.09264505846306		58.92538734401056	58.04492548736373	78.0637015593087	53.42770514102357	94.19247109634198	46.26260387375305	404.22151152802564	128.12128426791332	68.31594142501928	115.2181450111662	223.99150793503534	43.62896550284604	129.64052324582752	310.9436526868427	43.0689239206796	61.34097509320047	54.94634155619016	40.29612072445862	73.20162434618945	24.097706609999875	36.065324854297714	97.87185946115031	83.52725480636525	66.36325862336533	30.508415398605816	125.93362796313816	97.5838914817744	85.95962762242561
2022-01-13	98.54949777995469	78.13957336855846	73.16074738303764	47.416774457147326	26.176748971899304	20.50903670674113	115.81820342704935	55.03178832272539	86.23524124641297	22.45517611737864	56.300338878989834	115.4679082947636	36.19028310942531	36.17295890306209	68.3190538636475	34.624794243518274	32.942811103046395	99.91591836987212	42.439295887214165	106.10347268431929	18.46896335309161	33.288123754552636	47.74752558852029	55.85863542583519	204.36693882866786	26.24788367881372	75.74797329570623	82.02711240106981	60.01079142835187	76.16970510307374	43.66967854860012	56.10622526735175	58.361823558277905	110.30713460720054	57.57981639924282	72.91387321749181	82.37419093873415	11.354989229162296	372.1364765633259	152.85331507038097	26.12339443295666	168.40976562950237	23.56082282087101	26.09555852129005	64.55056779310223	85.38893850185556	75.38105533690526	21.251566085552454	61.1105757864136	441.83557507066166	51.850751311453806	108.93647228937277	124.28500431483175	41.226284830772656	208.08719393617508	256.58800537005345	165.83303244611628	45.13431208638278	54.50136931268693		58.221463063837966	60.08339495886316	74.93373959934523	53.25167914740117	94.52201336354769	46.56008732325611	405.30153502778916	127.76446024125829	68.8049858111464	117.28684545091656	223.20560129921603	43.61895070298354	136.1495335223638	297.2490201623922	44.16925867832651	59.83999499286399	56.296733671466214	41.31255392604296	73.36797452270785	27.23122553207186	38.52091286273527	99.76439960344462	80.53419305984306	69.09768717495177	30.881157866412238	126.7640923917779	96.21590065882597	86.0947909939265
2022-02-11	96.34632563188478	78.12810651888256	71.50210825974122	46.26980273381532	25.468125015692504	21.242200529986505	109.73107728037255	53.12786888609887	83.99755781959205	22.694052138708457	54.95358594249059	108.50699564661537	36.65765149834833	38.014287099279095	66.01914403487191	35.073875647314935	31.096157148485048	97.96066368978974	42.26432702642626	100.0421620643128	19.89229091284662	31.935747717827013	44.30020226696924	53.81781242454281	192.22661989532503	28.653754905660094	75.21281378792159	79.37247422979763	56.453399983172524	71.15701345640691	42.37989786328112	54.441417840627096	57.064990100348496	106.00589102607589	56.84654654895127	70.18480781505926	79.84194143642493	12.122804743866423	344.91876886162396	141.65693061948485	24.680846023632004	157.04732033789915	22.575671140744227	25.594596727727886	61.25019126370914	85.38950131400595	74.66529065673011	21.61676751636165	58.16226228382504	421.83388844121146	49.50006966641868	106.87368748698862	119.40768302916757	40.85573588007978	198.16158921624216	241.11248646926134	159.29086134985283	43.5303173384604	52.96054748505033		57.22906664059051	57.74944726687859	72.23113668985837	52.7219920210234	88.98387942859216	45.61895262182418	386.9447371102491	117.67692774856792	66.00320750637256	112.34066693215868	212.9749311712263	43.30774860323877	132.94250902917452	278.1873720642148	43.61551424032276	58.33581101397303	54.61302126966603	38.9525029762995	67.27648711943152	30.110472045891168	37.71199453603979	94.18311355696194	76.4968766647053	67.94229227229556	29.84323665158717	123.20669940093734	88.64973074462273	83.01818657070868
2022-03-11	95.27739425285245	78.15029951787696	70.64717171092829	45.964012240672076	24.6337053043365	22.602651816806727	106.85236229604578	49.13994181144562	77.95903509016932	20.82653472811292	50.14673755323626	103.27974778358379	39.55848093228556	39.5493122226637	64.92005536091524	37.842630265135504	28.123975402646607	98.03777045561745	41.919093117523474	99.08489980125546	20.60745589454534	29.018528343736033	41.74331086843611	50.56364005117663	187.83865824838756	30.07969815994457	66.68514159193624	77.70605768413141	51.61857541641137	65.50566988666932	41.589001037129094	55.098725113465036	53.39130692057926	102.66099461472402	46.0284122109886	67.36552536604184	78.37863619014313	13.77505074586426	319.7291283672802	131.29260023705444	24.61483024353729	136.40879711701376	21.882982324635925	26.577024824833387	56.17450162328997	85.4071459098736	74.49392447966932	23.91379861052631	54.12051419897095	399.66055868227596	46.90857424710894	110.92351693130283	117.46354578104845	37.35870529081895	191.12067620880876	227.4238476603907	155.95136673675412	39.8433467657415	47.94332274410233		57.17964496750534	51.05930249282468	71.15855639532018	52.609271859785636	88.78263450758888	43.30632486599436	366.5743341951832	108.34142968969934	61.9953435094709	104.83858186191205	201.388666620859	44.36645676034422	128.98486113301686	255.51955768138913	38.776548249096706	54.69554538871192	49.67783300713816	37.749328030614855	62.276947838483025	33.241416176465165	34.077929762985846	92.23987348035823	70.52421672535446	64.84765245209758	31.20858401356184	121.19107606571202	81.03279890787246	79.34220994871794
2022-04-13	91.99670743403078	78.15409626827301	68.18822867248772	44.642520390293626	23.555690880384667	24.330180308114706	95.71702338510734	51.96931598741635	77.73681696224654	21.027737987498366	51.9819374771925	104.02618116260973	39.096481159414644	42.30028566348297	64.49902327547079	37.40829315789618	30.017795609564885	92.32928393191528	45.31384616446928	98.69404175590715	22.490637619711798	30.448012162187112	44.775318992359864	51.42437053437191	189.51707089598187	31.573525928312797	69.38002110291097	84.7475819414225	53.05491750583444	68.11612317092855	43.89438960199418	59.09636948218039	57.77660681759915	99.50410134921448	47.551019623569616	69.99503911635851	83.95141611306244	14.44260066504951	336.57114413773553	138.22104017156897	25.752741634565183	143.38584728600824	22.90610937326688	25.323492862799228	57.61982810599537	85.42568360476929	73.6779422840306	23.476828164783832	57.65503596840748	419.6538238671244	49.26077214023975	105.65416218391712	107.31683952773062	39.17202666861951	196.1475951692403	234.79352729658655	159.37089011051788	41.483777777399744	49.86841251086817		54.9857395542039	54.16420960796531	65.1413819431894	52.03122129230813	93.66738556254447	44.50865597545099	384.9843370841146	112.53839821108511	62.84384418455753	107.56638840801642	210.8707032868545	43.58109232943136	135.3871273255497	269.192531747281	40.14002352875899	54.08828474347231	51.67966568476407	41.047403095834326	64.84291944732887	34.47529956479494	35.062450193136925	93.91406897406858	72.78711301782744	70.98972646340599	33.93365968283117	131.1031212309924	86.73346042107825	82.23471463374075
2022-05-13	90.28559697751712	78.17411415171848	66.92871706217014	44.082286209497155	22.27374763989434	25.711599497571637	88.14111740921976	46.18722212686111	73.70464259262761	19.578700380438654	46.666021603367	96.3810923331425	36.237815920059724	38.15853359579175	61.80320464957541	34.658240168220075	27.83708647047026	91.04637825704741	42.63746247135148	90.56749962170376	19.136303733694525	27.542678073195383	40.240414649721465	47.92865715210826	167.12327394039863	31.405372196516293	62.43071929766347	76.88621282132249	47.555982450904224	60.07140406721554	40.920979652679065	55.29568104814767	55.53984799788817	95.61481369107267	42.94150223315135	63.77888188161075	74.34133083420606	14.66386495838944	291.06763070256056	119.5050028577759	22.63619208896253	125.91333765417866	22.002546415395294	24.893596286296475	52.111333687160766	85.4534948529261	73.59411182209169	19.47171502875179	52.480870679060445	378.0127182523065	44.35192193273879	103.91866825146406	101.44248657329732	35.45051002709762	175.08342097692946	199.42420280280643	146.99601209384605	37.91704314039533	45.53044607484504		54.53764787191305	49.16451480943499	61.86028684769086	51.98355861400792	82.19160546233456	40.07129105422812	346.7145347253064	96.31253997368887	58.76093171148693	95.75840916412439	188.434606000493	43.49943782259446	127.13078800013884	229.8076404432778	35.99996110313501	51.45995040690162	47.075544462798064	37.95362255272528	56.119199483470354	34.71082723589994	31.33734361172527	87.31258528217167	65.36236247570369	69.05488609173126	31.724783226289738	120.12799378240126	72.68231753557893	75.4742714269724
2022-06-13	88.73355957647995	78.1883304070979	65.7366156917182	42.47888594758783	21.52217356569527	26.587539208276354	84.27486957010508	46.05704171909804	71.70470065577621	19.69082103423655	45.86220404586335	94.94493811060627	36.5807544247437	39.44351797401625	60.409197466234325	34.98347842600819	27.974339924978977	88.88342746844057	43.055048093061345	90.56958984559832	19.404810954910158	27.796828689689576	39.70005988030701	47.31926279107174	168.03674483367476	34.116618052659355	61.332287167990145	75.2179801302168	45.83007197137873	58.97842471885869	40.216626460021104	54.43868018009384	52.21023904528525	93.95577601186858	47.693271900378605	61.821599915817245	75.14793937103178	15.884476404251348	279.09261985414554	114.6760758598956	21.562929315896106	124.70603330505395	21.52726916476432	24.71011209088794	51.33773837388601	85.49188188061436	73.04887155328052	19.842176762526886	51.62259326473709	366.92019924284983	43.05605907844155	103.11889076993747	97.78514374302613	35.65779498590746	173.74766336743892	197.57780462409653	146.00452592376166	37.6470286066264	45.59839729909529		53.531367295316755	48.877462031263605	59.71921698150631	51.59661886874888	78.38367587346228	38.99012914157182	336.4866227605344	92.67947069062384	57.81331563462912	96.39132930183555	183.40056347674312	43.68123120558677	123.9660957691423	221.86465906583942	37.006973690658214	50.10376728108254	47.140673226849785	37.49767933024643	53.8447332558878	38.02091669531035	30.444114386873856	85.19609871036066	63.11451213723612	64.48663068685731	31.25391866650743	117.00462570034435	69.2232460058347	73.60752046966594
2022-07-13	90.04369443936682	78.22808755606707	66.67180066479116	43.30482634595711	21.357543094748205	26.020459034545194	87.12778161404788	42.808915684283946	69.59542065973454	18.896529622027046	42.6432971347335	90.64189121510519	34.42495877318029	33.77783116651545	60.55857746944697	32.92135462356953	26.131049582159413	91.26806819237831	41.107853768089726	87.05468564207172	17.135850271540267	26.15699717223419	39.42274746414658	45.92458564828421	163.9026129784486	27.982850135626805	59.185250149279774	77.53326856133275	45.22378379541401	57.95647700747275	40.55231379093794	53.50505767927235	53.230599032605475	95.51957550189744	48.29276022534421	61.52573092505004	65.22187269396606	13.266178910204626	280.8896332611611	115.3548633048312	21.438409113323516	123.49028161716849	20.975575591946647	24.359788824811854	48.55315578270925	85.55360970457653	73.24369312781121	17.629511187941116	49.79829994197313	363.1175614629782	42.60914730452187	101.6745849798699	100.87425590298052	33.509596664865995	168.90862779086262	197.08113533222064	139.5255939074648	35.761627530394136	43.55222092473291		54.48276959627673	46.17898551153996	61.549287273462745	51.73308866281534	79.06237624281613	37.83587296112242	333.09242068113684	91.87163997039593	55.73243993924484	89.70483665050644	181.36385558137158	43.0873010921884	120.7054666986231	223.62926999274782	35.68918349840937	48.88341522849431	44.90085923295789	33.7995195539721	53.04089594302333	30.623602295586117	29.72412022092584	81.96994510888217	63.09342940740924	66.13035319348023	31.36393152745679	121.30298235480805	69.19787800066334	69.86210664854968
2022-08-12	91.1405730990284	78.32547559848334	67.52266398102303	44.23104628857654	22.152787249656537	25.02284305933582	87.29773853008481	46.34757621260941	74.95226845918837	20.08611262802593	47.01131154007588	102.1401544125219	35.64134425395913	37.56786452161375	63.990478916361766	34.07598539446243	28.43754815404087	92.3075664701905	44.18430679789819	98.26267866412083	19.967860868688	27.682594346453122	43.11720158917861	49.292880908235546	188.41153172460923	31.254334801202063	64.7664756755332	79.52561373190761	51.75033492653672	59.99582937558508	42.60003487755034	58.04475807096409	55.417932155851446	97.98435374009713	45.26506158745209	69.59106395488307	71.86484618704307	13.671496627896161	319.7142659099227	131.314153481467	23.55133590950647	138.79032980094087	22.384537141716727	24.915578602708575	53.59684369443809	85.6894334194653	73.27981508184047	18.975497216033165	54.640380128691085	402.6929253074868	47.24863980541642	103.97734363201053	101.28969770030648	34.93581117512868	192.21299399005085	228.10482282453552	156.88755922178214	38.757059219256995	46.6222271060673		54.80823867602899	50.24494495741963	61.8877508932495	51.75738318925305	87.04518087975117	39.88324180680782	369.37315190356776	98.62167978236101	59.73281417788506	98.47549145189141	202.15914620076597	43.59984590205245	129.59010392508014	256.49065523673505	37.23375014539699	52.449738838430676	48.17287629891857	37.28184066227482	56.719848880360246	34.22260156671164	33.03966755658964	93.38589535327563	72.46979969203673	68.39793685423803	34.14469978520171	125.36430620771989	81.40815266830444	79.43819287939377
2022-09-13	88.12677924278321	78.47215207728637	65.33147126424088	42.509782086929405	20.55313290161896	26.390383924216025	79.9851177620519	45.27347750701487	71.52275906848347	19.47417155342811	44.51042499236837	95.6257617917993	33.9683217882185	37.137656416500754	61.39065438931376	32.47021027849972	27.03632900198431	88.55351662033846	42.98501468496383	91.15233215658671	19.842313265497832	26.401626324173797	43.371898344808315	45.919718462826445	176.20925312134307	31.884229861151365	62.081673630093064	76.46747258053162	46.6823761554584	55.371020625903284	41.50065336539327	57.15315030793146	53.3157996725393	93.08599561741434	43.69630224029844	64.04332594067795	68.65747897409935	13.435354658634992	293.73039630397494	120.60810219193345	21.94364800303065	131.79113645720685	21.3394125786319	24.21759008990091	49.22113293578512	85.85414113311496	72.84502681606654	17.73594426274711	52.44703315258595	381.0383364937847	44.71922253812124	101.03745274699898	94.52729452364386	33.98978209007925	182.35394063703842	214.29267344657032	149.8141225865044	36.1041761592906	43.88059146556607		53.39466900334068	46.58444825417037	57.98045374354946	51.46348794680209	81.67220574830917	37.429166555833106	349.5171342791792	90.3762519917866	55.47753498914215	92.30150209612336	191.20463407134088	43.09520457745749	125.560079134841	237.19074833042092	35.96869434121836	50.294773711325135	45.294548426106275	35.85343305981376	52.14408314693003	35.58207260079264	31.871200158023587	88.63925028400291	65.58374847807349	66.28612024172755	34.49369523047095	121.41604857083564	78.1754721745397	76.14767271574898
2022-10-13	84.7221488431973	78.62514053684012	62.813701888236395	41.142098210623146	19.33577797021096	27.516937765458174	72.58858598885374	41.31564269662384	66.19987591560871	18.522117962270137	41.08534850800866	87.81824677332197	33.15352461042107	35.56659351979652	58.942050747267515	31.692111268982266	25.078375568069923	84.89644321029215	37.00488497858504	85.64233606462128	19.788006487715727	24.444919778602916	40.32409611045743	42.768665502205906	162.6280277378632	31.843379636007334	56.73811380755819	73.00128145047631	41.365699405421594	49.175190274341574	38.944008028596066	47.37756986293283	49.550161465183905	87.87893495885258	37.14088752860921	57.42257499226856	63.3465158916935	13.48199240437667	261.36919372653665	107.35835593905935	18.63637495630261	116.72616283688664	20.158181566607226	23.115697095209214	44.18164295963986	86.0435760958953	72.08421809018247	17.60404574011625	50.801804800731645	346.7285113348641	40.693858657134	96.34261854587204	87.75228575570245	30.984283740237913	167.22420260194795	193.21466129975178	139.06185484220381	32.82047217973573	39.86919669921714		51.819852215579985	41.9418171768808	53.97179774309831	50.924442735145554	67.85048443548176	32.32348201833378	317.950620627165	80.12075628735529	51.40287746398365	82.12709717652703	173.86048246282698	42.2978179951827	117.17407099384707	209.8071492344566	32.41047977201325	46.79829245953093	41.104298927111905	32.69904666035869	46.72799546825402	36.548944045813954	29.37194570056808	81.65792998574364	58.0424058815444	62.34795790508606	28.457296879945936	117.04967002884463	68.06526138084607	71.7707680312483
2022-11-11	85.50190249083423	78.82242314105468	63.411449372202824	42.09341443135817	20.519194712747193	26.231454932836883	69.76647125313372	44.05204913345886	69.94445075696835	19.263775551509006	44.967091470150265	100.99378407370475	34.68756592953751	39.16746857967536	60.97404188460669	33.16223389128266	27.571091673350903	85.51534737825789	41.03844014494565	94.21504035850111	19.997002153859597	27.00600899982974	43.36929183898583	46.529273107296916	176.41463465949656	35.55931337649674	64.26691842070633	79.06012774537143	45.677658426567916	50.614034751614014	41.89172012224124	52.31019610743655	53.374015822314554	90.05157063463325	37.92980569583746	63.78508919667274	72.36685333867001	13.635179433402149	275.44266789998426	113.11508183803173	20.64426100943979	124.4345540664967	22.49607929854637	23.345269129004553	49.946804188718694	86.27607936033603	72.33418747503904	19.797409028845262	55.170001292363516	375.27481095809867	44.0285018026059	97.36704443706076	85.5708627812477	32.96474536360361	181.55160637446784	205.7208293103616	153.1470132675438	37.21753202570082	44.33538370427359		52.280134243918546	48.79719345125108	52.93954157961697	51.10372193579336	74.81125042488819	35.151786928731546	344.17044085878206	81.21661269124803	56.49768286357159	92.1083944485031	188.0331141809553	42.50263809216668	130.49369108891852	220.1549014568615	34.24380192406226	49.167934604965154	45.696274387287005	37.350552804109405	47.077731628423216	41.05061699330397	33.46712080906734	93.73239670339608	63.33349448682101	67.03191739256013	30.643924711695277	126.22770518568123	68.80933907157282	76.970776513423
2022-12-13	88.54298330244042	79.06312178692914	65.65480210366329	42.87060126571856	21.427798932921686	24.832707338521725	80.92855396705608	45.182699451976745	73.73492044064206	19.9680199800117	44.872174540738754	104.33644588598423	35.69286324017099	39.83549910331364	62.69715237749412	34.109622790082796	28.739398343869208	88.22414508819787	42.7601942253893	93.23753314871199	19.25105465883304	28.18872659787889	42.71696419484877	48.92437661430771	173.73130745138403	33.82755451326128	65.4324248057402	83.09798919786067	47.13259822039088	52.966271215508684	43.41401377723574	55.64087331860728	56.2196226665692	95.31841519434408	44.23827144401909	65.39810365991875	75.9667218224975	12.798426812407756	280.6651445630173	115.2990985700599	21.063790760336193	128.7019900907867	22.948197210932832	23.82448605576652	51.90311333738835	86.55392354582463	72.73656432386495	21.596580264226745	55.27811249977971	382.15527675647184	44.857005829514634	99.32719490958789	94.83379177158395	34.209861241734345	181.10229306829623	205.12061070478572	152.68104861572402	38.84225952776199	46.38522876986613		53.31953737239294	51.56776428380268	58.12719539337593	51.39348139299742	76.1512111712626	36.808410906493066	350.5382534453821	82.89151677740614	59.01128465599791	94.80437148355296	190.76254208511943	42.67501825048487	132.84045387566977	223.7562738362585	35.95690765903821	51.878196950738214	47.73112159229668	38.48720822521375	48.458444116720564	38.21011724045264	33.092935363218054	95.64897600616933	65.32371873681691	70.04420557470613	32.64285977746658	132.11804756914998	67.94067975876057	75.58369208945302
2023-01-13	89.32388441973274	79.31771975327683	66.21029229922794	42.53602769593981	21.833205305294403	24.637320224121563	79.969446282839	46.72148966706221	74.65991765477335	20.85630122043245	46.76887816902003	106.68213704013627	37.793007681135244	41.26467352487467	63.70071758942015	36.11524385048134	29.65141085500425	89.01238901948507	43.66614694399751	95.59633799425117	21.026597686686678	28.812523654569386	41.99680543776023	50.01267175309982	178.31872396441733	35.52017688978312	69.11737841614662	81.57190527240397	46.31294421500357	55.707226671462564	43.41710635499153	56.16151808281228	56.25818666885746	96.38627446491343	49.37823480107987	67.13579917883996	79.4714087689214	13.054567554042112	273.8271940437474	112.49219013714699	21.470764737120344	132.0563056576766	23.197471459171922	23.8251633945621	53.95109597838699	86.8547794102046	73.11932551896447	22.047301338489774	54.77715614375397	381.1208387565291	44.73853331762609	99.29143092610718	94.35571756114861	35.373093398547766	186.08544534437445	209.95381920015893	157.23538806481668	40.44013917812896	48.502414625002366		53.790224588242936	54.27043315411174	58.050732381469984	51.673397558102415	77.7904644937682	37.88714684086348	349.6320246056346	86.1909976170496	60.58084603017451	98.59554247462285	190.8652073614209	42.74448977925019	134.2377611671908	219.6588422747821	38.06864652081204	52.3964027095609	49.911461191776	39.22496659060509	50.35175648960353	40.37019404374218	34.21454150275976	97.59366790837733	63.43941882501699	68.90996534135452	32.592047500500186	128.59448632876132	67.43966836943865	75.84943706901936
2023-02-13	88.54836570453466	79.5793540094831	65.63966484504222	42.535234952714546	21.522493941892286	24.57782457279308	78.0510800971043	46.973901775411605	73.7982449130921	20.643801441908096	46.39357233629125	108.1303022483485	36.93401120620985	40.649274173591316	62.88330736374305	35.28693420949452	29.981822820885817	87.65977245263532	43.28976671167193	99.40188945416023	20.62901366028536	29.253661200235733	39.8245412220515	51.219461100666464	184.7798696649973	35.87068129241834	70.66100147471315	80.54352978132933	50.294643995692056	58.73328862467762	43.221445555154524	53.94122029549543	55.39664418550851	95.00568089898854	48.066955804475526	70.81849035607206	78.66524694649335	12.854268027208697	297.73735469741206	122.32429079841201	22.19436652010391	138.94832310921697	23.00588168114503	23.732001573986537	54.849152034967496	87.15682170364487	72.91104634457031	20.250002277612154	54.309073541996696	394.88470776759334	46.34196111031298	98.90486401749101	92.5433688983002	35.097213355403056	193.4175219222197	220.3221736110499	162.3478796027105	41.140262470769244	48.89434567585697		53.18719955513965	54.976565143502484	56.99351712518979	51.518268143780475	80.17573409106816	37.917519463630825	362.24966463898255	91.50172901743237	61.99312605510313	100.12726110984617	198.12755368289407	42.79908311297742	134.27848389951274	236.84251840156338	37.564981005930434	51.94882142866333	50.3538425127593	38.82783440980945	53.94889376616576	40.347850142629426	34.99253958161996	97.95412869087333	69.41270503560739	67.61123263883911	30.901413071019125	126.43903867283743	73.01010159719017	77.51574796562939
2023-03-13	88.24653262971536	79.85165867484595	65.45634655613904	42.629253019423274	21.225335290067246	23.544286570830046	78.80416920986565	45.73972408380728	72.85519231581648	20.51322912787644	44.64576757821216	105.45751438217087	37.3295113568706	37.96334680266103	61.76419919088021	35.664933960921786	29.16415880493486	87.97931887484003	41.96685275261993	91.27418822203552	19.960664796276667	28.380000036721043	38.796526106318446	49.104031848520464	170.24975134241797	33.47673566482901	64.32779225517567	76.23681556891148	48.344804622765196	55.49039505236733	41.626553852384845	52.3281139738556	54.29838199666769	93.77950396869866	43.60614532724185	66.39933579210145	75.09919426830672	12.482466419345567	286.09963838544434	117.50285178416297	20.443698933257235	130.1565885830875	21.42867847177584	23.754120100648436	52.733831929945964	87.47166060014474	73.24671703388836	19.351501196929146	51.44326754997582	373.02792229643694	43.77723869590447	99.10579300874576	93.22757221061981	34.97303749960628	178.1125976510438	205.13775463247933	148.35286448056686	39.50878369704853	46.82391001085745		53.33897038566822	53.20042124964452	57.35518670920685	51.76287711391258	72.92612984231991	35.294981273161994	342.1849071758922	85.57522589341717	59.23934832161494	96.26061814941012	186.39115049816198	42.91512982418385	125.8689653651009	225.36349702583644	35.67798432439581	51.25706449562745	48.29237307102224	37.012421399215405	50.93030819242127	37.174349110506796	31.10604240884492	94.92261331223644	67.0034638938534	65.92069536816393	29.740001766968113	119.13874713118533	67.84415658812267	72.81293107530098
2023-04-13	90.0419001116416	80.19057378738327	66.80072381393485	42.96594704240934	21.87426984816129	22.770567126641218	80.17349958546595	47.485946737537446	74.21297079403806	21.14408307189791	46.62965578515113	107.91714718260178	40.17981722297411	39.812552824672444	63.59272260301735	38.38747665952947	30.717734504141614	90.09640226140851	44.299777220347686	91.3577008547898	21.104849388222657	30.044527454378322	39.8496602293931	50.9108912431296	171.1588152903958	35.42252924524054	64.99122606041126	83.19618892840643	52.31580758249171	61.307374686850494	43.79359949130715	56.9953115912832	58.212513519272804	96.91824134938386	45.355371555941346	70.70299068676603	78.78998239154606	12.918684363583612	311.9145309743104	128.14633788946918	20.695925286312573	137.44826034521316	22.097041422165137	24.324690690924452	54.49024492024422	87.8471690395354	74.01867291275575	23.46237434276002	54.95649333129125	396.684393562267	46.55829140770262	101.3566958789279	95.04465280173162	36.468747525436754	180.68741156228572	211.62643117620206	148.5312508669934	41.86156522770088	49.36334736616578		54.48478533023995	56.93284944285572	58.59894421149971	52.316778878705605	73.96254814400288	36.298414716889575	363.8805738587765	95.11594999980117	61.785557467386504	100.44494014151995	197.00923466651307	43.578640684407034	131.31382731681157	244.05018314903697	36.991845825095446	52.400996411211885	50.91171414158984	38.35692515184855	57.082851775296795	39.553363950090514	31.01914095413475	95.49753732433378	72.82083494666225	69.97002537625737	31.985544385401248	128.63773496413134	71.2142539937291	74.06668440077101
2023-05-12	89.9355417542026	80.46097475270248	66.72555412681494	43.15517826564287	21.745934545123593	23.009891511558724	77.82587400276293	46.60691438931103	73.9819283344714	21.300784474183295	46.21355968930308	108.39300196255978	40.01711929741943	37.188732726184476	63.35310297008195	38.222123059851	30.396775186098772	90.36904016147177	44.196458470266954	87.90153042282533	21.609297378567387	30.048943089328723	41.042344510979696	51.427998979411626	167.33574064465296	32.897164323004304	64.46607255351768	82.49742883033787	53.262778679723965	61.6731144466347	44.062453425626416	57.01797425576471	59.19799581295619	96.12904478579996	43.228958654898676	70.72298785598612	76.09580601565747	12.107196217528497	319.6698028306761	131.3258858101937	20.83850173026647	139.1965991355405	21.071069763366406	24.250129915988904	55.013896775629775	88.17196013103654	74.2359819263056	22.412525443340492	53.68971783316372	397.391209880286	46.64122173436179	101.03387828653229	93.35637700221099	36.838797987568526	176.75531174279752	209.30785674699868	144.0595197227671	41.94400459633681	49.263482897335656		54.76203035187712	57.095433155212746	57.756913329770455	52.48085688312437	73.57123209330206	36.11061522639761	364.56398179209856	94.97344707620067	62.052315457380566	99.80021923060556	196.95321843545537	43.6256219494902	128.4642419932642	250.08167992006787	36.26705313345052	52.274179873270995	50.776732467241146	37.057709031597895	57.73902257534627	35.96549082159261	30.644200069893827	94.5747345406788	74.05368650736446	71.3087135055363	31.665818137729815	126.45699525529633	72.4285433484245	72.69326354282187
2023-06-13	88.66602955322497	80.79646958985134	65.75692005519824	42.95895574988581	21.380307678666696	23.397225773287573	75.85039632429819	49.4853154429856	74.36529200789414	21.48835165629743	49.01113047731522	113.29109414084289	38.719553793956436	37.14814827925175	63.77507000720802	36.973471889416444	30.456740263216915	87.96940531214871	42.74947913108628	94.8114562582028	23.151052470116433	30.009946745453156	42.12726881052433	52.832763859671765	180.97694328129072	33.427581475367774	66.07264659222005	81.36296884147302	59.65468856855269	64.55430120995136	44.291075348020584	55.16254094490586	56.171747400971825	94.94463873301049	42.702989109466465	75.61983126852452	76.79329294923622	11.974822500427482	354.2752757380382	145.56830958584942	20.864524936075572	147.83198998212407	21.71607297072662	23.844428305456052	55.0074995989634	88.55594406034345	73.5665932501638	21.916510063515616	53.76758133383626	418.78600318609335	49.15454316542569	99.3267966597941	91.12749996422298	37.00391196317261	188.47729310296643	222.38317608438737	154.11477325895018	42.2262464030612	49.89561948154817		53.56395559275858	56.39244784191074	56.32370984182542	52.01044161359777	74.29761073378006	35.64159936899544	384.3021968066395	101.61530691242535	64.45588029918542	101.12379987113067	208.16441328736346	43.24916069468243	131.6995411576031	270.6335688323887	37.35102964470275	52.40046097288834	51.403204808416845	37.99804026914731	62.00490469369713	36.94007882744086	31.82322917450835	99.25191322536413	82.9179778886857	67.87797568293425	30.446356143819195	125.14851783343067	80.11195949527257	75.99400653501084
2023-07-13	88.89622594832927	81.14298399536975	65.93649052055862	42.93556005679237	21.752811901538283	23.56962539905127	75.36537857714681	51.09745843396934	75.72026637833591	22.00910907655073	49.709777676459595	117.05053952873489	38.72395655288241	37.86741878377937	64.57640725527727	36.979709457743645	30.803995046126946	87.81842355274343	43.73319749959576	97.24940783739436	23.690881991853527	30.60194608969861	43.78446771475775	52.99787968315304	185.7918577207013	34.48995116730627	68.3540770377144	80.18797351145659	61.425722092894574	66.69291189725021	45.06042833729464	56.047152983341704	57.215203315771035	95.97406411494512	43.48045827687884	78.27713312641225	79.14240212331418	12.503602843750267	369.0962399955092	151.66264363117426	21.546435400139764	154.58004233139647	22.27759282134587	23.906061161161464	55.91036926846564	88.93927100607615	73.68714593439299	22.221532928161157	54.38082453760159	432.50162250349973	50.7862479977141	99.5851271730636	90.86658158050469	37.54640256794118	196.51469509496937	232.07158203841868	160.50961224655885	42.963760655224675	50.77012923317042		53.514171741657535	57.91173129141988	56.13156767665566	52.0830107100963	77.63306117892668	36.20893688799124	396.9074189964561	106.59663783629009	64.60396144371875	103.69795634988039	215.3610152096806	43.3467179349863	134.73426840963845	282.34641682658645	38.14279521135292	53.31468429088069	52.318398693095226	39.52292049183332	65.12878576609631	38.37428797472248	33.00143314710873	104.61474516057038	85.7894208118101	68.92913928904476	30.877781833998906	124.5023212629569	84.79143073606795	79.68901847626276
2023-08-11	87.7454400516076	81.48188224916593	65.11986664304527	42.93871290616053	21.142807868145834	24.12881410381011	69.9506851116017	50.91877536957353	75.42317822524548	21.58815053149445	48.44278640517034	116.40990502268438	38.01854651323423	38.213900955571496	64.58772308338249	36.28892153527696	31.49275674707765	86.37814322737327	42.60888258727996	98.00116654897786	23.22072912268153	30.276641151886096	43.45551051152416	52.01111897642326	185.46651819176031	36.38586217525473	68.99208610353739	83.28823747802767	58.47469489439844	66.64832400927243	45.57113778389053	53.924609264571465	57.30872055213014	94.3141713183378	43.36794062007949	77.3080955473211	78.09839654565778	12.9699475918432	362.46041995306723	148.9591446573032	21.054838687674895	150.9602371768899	22.599709800283186	23.7094755561211	55.02465832207753	89.31406430632025	73.71885025408699	20.856485833020137	57.01600545471386	432.13581046578713	50.727359592072744	98.7211545093916	86.3525077041398	38.02195014385353	194.95564800570762	224.80536490628	162.177066867756	42.38876413468656	50.17406575204542		53.07460313133022	57.3294948192977	53.68091630447393	52.13143210378395	75.47891952642601	35.761327881929084	396.5495757143407	106.39998650251624	63.27726044841778	102.1100951231257	214.83872604160928	43.43860556275654	137.03587693921884	277.4904131005516	37.60913035984578	53.07281220520708	51.663888130677705	39.45456285816084	65.44233267668899	41.00343311590286	33.588730958993786	104.83677011516512	82.51090159489455	69.80704724321966	29.83338712539124	129.6520952108849	83.36011686112182	80.48896861886544
2023-09-13	87.45399749602497	81.84780961058689	64.89341673415248	42.87708085216214	20.670949053803476	24.321702560021407	68.50301246797645	51.65998274478666	74.57783052213529	21.111106672331182	47.909669547835435	112.71953144347584	37.94683485670781	38.03935590935439	64.77987310557553	36.23024481093948	31.895278754918515	85.68041740269106	41.47329260602139	93.14301013880123	22.63143906218176	29.70983326486914	44.765976750635076	51.96423928339734	178.03293836192	37.68116693524594	68.01006289937997	81.90138482871382	59.29378063672668	66.91948145887932	45.67476494117213	53.395989132855696	55.395171517949386	93.97329706652829	41.41364937660403	76.26859010800163	76.13408158131648	13.402657960227717	368.53679784876323	151.49011655309187	20.5323939300007	149.26362200065014	22.34221752595643	23.653954857661354	53.55073077441742	89.73059433521674	73.8263707242734	21.03826220960502	58.16261801304948	432.4960886718708	50.79424916473813	98.50934490478387	85.14142749436522	37.667869275787865	188.85654650126287	220.76907981671462	155.55499782077914	41.50148875591111	49.20073138045818		52.83982756536058	55.32236173894407	52.94255510792675	52.20030407835033	73.45106507969274	35.09083911270912	396.9731104846178	105.54045847872845	63.0290849570894	100.22315995147872	214.58546816287617	43.56920076481839	134.81522587172452	282.84149112143393	37.04186624275996	52.479849332600025	50.6714831229713	38.897090004453204	65.55530570163033	42.445490426562145	33.29531676709238	101.17157057232204	84.27418158251729	67.0945561749655	29.537618819648227	127.3152546720838	84.37261213051394	79.99283128432597
2023-10-13	85.67785218222772	82.21999326750502	63.59990234785786	42.56791157637552	20.183481150871348	24.823575434519988	61.357597909272684	50.052156342712365	71.92631902036266	20.444837952455096	46.52466813372522	109.12378147245985	37.63500412011861	37.165014048782645	63.48006488604465	35.912691630718925	31.098341100692735	83.67134740189371	39.171057445172494	88.65251046340313	21.65567060175359	28.96735949635834	44.12566200620332	50.1656003006688	167.34154874875694	37.03655386419889	66.20534011081685	80.34673870900463	58.58498098690218	66.39870362103152	44.51297349289105	49.880212163452754	52.280809110237755	91.29819145701184	40.48464925276649	72.44774930854626	73.85629450011282	12.990197972272078	362.39080506488096	148.94410986114337	19.43430297678458	140.4246024129488	21.55983245115592	23.23065623470606	50.79964255262054	90.14015830901637	74.01342579423738	20.389263669144576	57.630450422974114	420.5736960592246	49.39432566990095	96.74145408562228	79.08667124996134	37.0679382287107	179.6023716349105	207.47428376344183	149.1687003316923	40.18580720454726	47.8170793884706		52.280974841564564	53.87205676757748	49.48992066259249	52.332390123820474	69.15604489492398	33.658473863732915	386.0584962466883	105.21620732276637	60.635565857276966	95.80865826567064	208.0179432516388	43.51431510631261	130.3264200718682	276.4352461315938	36.09399848703923	50.639053979911864	49.1734007155758	37.29361606772888	65.8080302483068	41.123194730966716	32.07960170324033	98.85244255401102	83.47771011333958	62.69672829388704	27.541507804606724	125.25210910237558	78.71360473102507	78.4490191133507
2023-11-13	86.29652875198532	82.5670846924257	64.05578589869364	43.03456058287086	20.480011091589372	24.441444600429094	62.28315822641734	50.55365196087673	73.36700097730312	21.117848113134823	47.33516756131321	109.63112782622296	38.625090320069866	35.96089502664189	64.80455602654388	36.86418028307095	31.483591278213733	84.0091124410168	39.91712524293086	87.9947412845244	22.923397348479035	29.38426080904535	44.04679182044772	50.44588350103754	164.68357219764394	35.5528374954763	67.03134742643066	78.05676752648554	61.568334130832696	67.19775786438507	45.01139534476883	51.114227017126424	53.657993934389054	92.41761187879656	39.932847858488266	71.70112345535162	73.96482937853665	12.82449303346349	370.81618393256065	152.43888485638442	19.227648666567656	141.27223198228415	21.212951506144634	23.401654417566803	51.28601602712387	90.51766282916589	74.31267620784546	20.483512744486024	59.284235431790506	426.66453211495354	50.12049652758125	97.44400932700545	80.00474810155055	37.07109892446097	177.25381499110537	202.01285540131838	148.7513552453525	40.45365174773222	48.11229899868242		52.49494362190829	54.255958238108086	50.0774975036343	52.54185081078518	68.78871948186904	33.98479966492227	391.6531031900348	106.31587001211565	61.134337998653386	96.311992717803	210.41194725353074	43.70874665004088	130.4053282650076	283.8026320675729	36.31157326912242	51.55422663400016	49.458257098954995	36.90629845459387	66.41140855113969	38.801971622809575	32.65958935567707	98.83282598270435	87.54669260278177	64.8288593067048	28.012585566927594	122.0755807590447	79.20242275467027	78.7780373313429
2023-12-13	90.02883086005974	82.92287288961934	66.80438470699653	44.52516587227156	21.526413510057004	23.285073594304873	70.4782926534867	53.0432867196442	78.13563044010354	21.80321494961604	50.00487200363598	119.2806127324991	39.79689762777648	36.87190477812304	67.3386374361317	37.984045291882786	33.961463376858866	87.59235389226664	42.99636516954684	98.51720341317461	24.489352681735134	31.18067052139971	47.33943697396752	53.069073365096635	185.06293820148557	34.96359323012081	72.5956635057474	82.31429915615311	65.80453640973498	69.37890224680275	46.433246067609105	55.40640949710529	55.50640772333857	98.75914287684364	38.15103705669111	79.58050580489599	79.4198376200479	12.083294432920688	394.39963602541997	162.15088667951755	21.54731882407256	151.21680310625376	22.809042809125383	23.983821781748333	55.11273034026887	90.92712056225392	75.1767914322121	21.40199813692464	62.367453895606765	453.26083071974267	53.24072148497806	99.84321388558307	87.40333885556299	38.68710137503905	197.62659207211996	226.87066189660612	164.99750769591495	43.18510254447408	50.86012180933632		54.095822739463074	58.56399838050113	54.308695152677515	53.16528894211467	78.08142887799127	36.69067694363243	416.2362302034436	110.7929397849101	64.34742382962558	102.62338795096915	225.2051245072098	44.178731445968296	139.09665616460984	301.5380964865129	37.39552960190315	54.91162507601837	52.274430444042714	39.82012348191657	68.72173048006567	38.04929293471295	35.556209963343264	107.13771284635793	93.42153239327342	67.22537717283647	30.234250467225557	129.50630431225554	85.89821568029203	84.99248701339788
2024-01-12	91.34446469824556	83.3091815477295	67.77451147511101	44.971110586688454	21.82312127751954	23.289400468132342	71.15758803578336	54.07045437426624	78.99739787555411	22.194818340883938	51.43544917058231	122.65661699293176	40.41059725883654	37.23640707781162	68.58578972381574	38.562290691568954	34.84789157843208	88.92049993214466	43.94801549983513	100.99361010373022	25.3799941948432	32.18078735872293	49.182734930634496	55.44499391100969	189.4146040017181	35.5445295518591	74.26234692778094	86.80297335095979	66.49377858444637	72.42602884134595	46.95861806103806	55.351443252048966	56.771407359322424	100.41737327196734	37.06824521621259	81.57599083487771	80.63323274863765	12.234060505568362	404.16873473296505	166.20286677673735	22.329946738148813	151.15615311012382	23.583113845162075	24.327120982270486	57.0450119030523	91.36609316720967	75.86465956595498	21.053802944683046	65.75941322677258	464.60594036456024	54.590513325891855	101.22580664468646	88.4707752531935	39.76075263918575	202.24539678353668	231.99371134838583	169.0018374760208	44.4110078025279	52.06026141532774		54.84512651561219	59.58171137613969	55.18686327085955	53.662178908840374	80.52436172950581	37.79541939578418	426.53888506101185	116.09072206660642	66.8592417319417	105.67740201735946	230.95361086051037	44.61029053537777	142.89473260874306	308.85203218440716	37.9529043891915	55.514854834360605	53.61229678135822	40.22395838863467	71.90116157594207	38.58268921748403	36.575687712153396	108.97157357425239	94.43611435032722	68.81497215347653	29.932111842435386	136.00500307185808	85.97278265805599	88.57541256266455
2024-02-13	90.07091980914875	83.65826983459571	66.84957137504449	44.60390632331257	21.151842690311796	23.875874695823942	68.21371166925157	53.89436495979351	78.27402250474164	21.79111419634766	52.33426412295446	124.86931685700657	39.83007440746516	35.652958214553465	68.33906766530939	38.001024460760405	35.74328877084861	87.36659256392801	41.64755036518286	101.58259943593097	24.925531397391204	33.084344389037724	49.85778622001975	55.33891242606384	192.8453732981324	35.603221292655064	75.68393162776678	87.16180996186567	71.30062949830443	77.55161026054503	47.89000106543421	51.63787875085971	56.57084435082254	98.47421734146319	36.01346277287862	82.87610554322698	78.03867276955164	12.346037993015774	426.9263458231304	175.54315684177766	21.371082542242327	155.37005387233256	23.679939168033883	24.007128271194784	55.808344196522015	91.75425821116573	75.61492332633009	20.444836145039734	72.78150125664183	485.0575031741821	56.994347504521144	99.91780996561621	85.66012492607643	39.855412355183475	206.53704170209184	241.1609163785169	170.24940448873838	44.23193071017382	52.029249324067074		54.15397820650077	59.25982117009907	53.54535409481848	53.49765096520828	77.24689724511023	36.18474240535292	445.36760633215	124.48043022575848	66.9744443626206	103.3715395946108	240.57564568721023	44.47308296745723	145.3229115742011	329.91504811276377	38.01265897664447	55.04428328101513	53.47821468834796	39.965443533309276	76.96021659366689	39.18627287143224	37.808171170671045	113.15047423093017	100.89483254670405	69.29890274397997	28.40838483441444	138.7852561445025	87.3691453941922	99.04790529965058
2024-03-13	90.94349459799997	84.00923280216917	67.50312297562064	45.079233878330044	21.681573587848654	24.438465217316832	70.1386172074462	55.59769116511382	80.43330175040812	22.104172795404665	54.22540079702352	132.41720713348406	42.995235594317	37.43920575898693	69.22124399934748	41.01641939169915	38.638701729322534	88.17921317166488	43.60596253531346	103.64866841536039	25.017993987894453	35.5368003837043	50.78172931591875	57.95730919697547	200.87778461672693	37.7248004998213	80.52384930016913	90.13680404773008	73.50771874460122	78.74793792891185	49.241563571567674	54.21577680215737	58.003893779530415	99.80568665041658	38.60137583356185	86.00086214180124	83.92302370248157	12.470465827712482	435.9796580422699	179.28500153130628	21.95121701051744	161.16503155446628	24.448038899479698	24.259074245974748	58.471584271870896	92.14223427486382	75.79951072092976	22.477348161692596	78.25274592266894	502.65475671660573	59.064786546013174	100.98262933122305	87.44681351688556	41.568627368415825	216.69552741439205	253.2605703169948	178.4191419481063	46.79227970042573	54.89911980525916		54.5002706365975	63.13005577009084	54.62107121761184	53.626019227268316	80.45340791777792	37.24346583012853	461.66154629422016	125.79381010004691	70.11534156545801	107.87541664849732	249.36800996782426	44.7869367857997	152.10451461791428	338.32929570525584	39.54709132215603	56.395398068935165	56.332445711789155	43.651855316628755	78.20265627701527	41.92334600627261	39.765728217168444	118.87225107267265	103.14091561983145	71.88020240075844	30.033897076517437	141.78804163137897	88.92851019358659	110.89966641506211
2024-04-12	89.46254483052225	84.38560112347173	66.41749341985391	44.99922761434516	21.039916366467743	26.342934151902273	65.94144187919969	55.9445760204183	80.08776996751376	21.59307209586909	54.25435516974625	133.02769009029788	46.55070102209545	39.53776120799404	68.7009281109418	44.39951003162832	38.83667606914392	86.18591856885115	43.72547213524457	102.1835487747058	24.994410040370923	35.5299919578556	51.60836329738167	57.34571586945069	196.7114346056805	40.9036554047927	79.57882379689536	86.25085354078394	73.055154541419	81.02990174946069	48.893374666976236	54.61856087594896	56.05053187267318	97.849005663469	38.07901571515334	84.13525883177864	85.25440058906156	13.1883610905198	436.1870784942793	179.39670589171044	21.321784635390635	158.00815770434207	24.17608525021789	24.036385050762437	58.109420188839046	92.56804593630997	75.6293592166711	25.67000500170972	78.81459941576364	503.18630192127705	59.121154862993365	99.99948286884752	83.59076095620091	41.77578765263616	213.95459166188147	248.269853004609	177.11651394349528	46.10139359287926	54.25269734726292		53.669151618812876	61.92938661936994	52.3766015943458	53.51250414603998	76.98069644817254	37.06915496655912	462.1518473071271	129.1804526736388	69.33169883268802	107.83417744310503	249.19711557847697	44.84668980781636	151.70202286065228	339.81215566772676	39.586419299571766	56.232119763028514	55.7492572671229	43.92773896010469	80.2475565162515	45.74582895942625	39.462164030697856	120.57542033321694	102.0000356079621	70.4072314281762	30.67909007531746	136.20944184073664	87.9266138060691	110.23323289069623
2024-05-13	90.01470204573225	84.74243576819394	66.82658282166702	44.958205653180855	20.987035079039444	26.56835935771438	65.9667427830961	56.74379540430698	80.83013747100335	21.773439378457244	54.42653258511869	135.9862414217692	46.42736189217243	40.18355955032689	69.46355753057304	44.27445796861895	38.572378035581295	86.7207612798037	46.74922258498949	105.62979166686675	25.416315574096416	35.789057805565264	51.29291456231256	57.230812933491215	200.52336381125917	40.24901020992337	82.76807544500332	88.84813683402126	72.81808252460256	82.04484948727725	49.59187764740056	59.82152162104835	59.039029302951576	98.45569392036076	43.45893057306693	85.77688345335862	86.21840584235467	13.002088514406259	437.8022713779674	180.07248520222868	21.55437269893066	157.99638233497262	24.710657277530466	24.18656802760165	59.39108817939422	92.96383636921352	75.96601824545859	25.684427131892864	78.45566802487947	509.20159577601214	59.84186487533956	100.65309983038685	83.82914053639695	43.781261392119774	217.18087923115758	249.08725377526633	181.45139615511914	47.31717533734395	55.84402535285352		53.99840446019349	64.7802434600328	52.60629851825406	53.75922351192073	77.36135018971561	38.2081906995437	467.6756172565763	129.7098205594786	69.2981857828033	110.4614960587289	252.20244030538134	45.072293406611884	154.84595603520407	340.81374251604893	41.08681356114594	56.74718657565937	57.33096668049129	44.280516815004745	79.96764412827443	44.22579497348595	40.589153926849626	122.06761813816954	101.70613469886182	73.72875732232073	33.76198654294947	139.10022053774432	87.75496270688063	113.59433794719116
2024-06-13	91.37866451041015	85.11231326421792	67.83398590301815	45.039130813006395	20.884442179570055	26.475211142208988	68.92061883359366	57.45441063090084	81.56065313323921	21.48997210626657	55.00005868170406	133.4296722320153	45.80011450196467	38.1828835526658	70.10867446551204	43.67727818172671	39.15223227532212	88.21952733021067	46.13646314310081	103.47372586829998	22.49279872436239	36.45569988325839	54.09080045107639	57.161915762070045	198.668723606225	38.21185191947782	81.57921887038754	90.94564702983551	80.99304949045965	84.16839292342141	49.37020270506325	58.85701848771711	58.657972388077084	100.25664706172704	41.682429229386706	83.95515425651078	83.86266624265753	12.853664174650014	468.7732021741964	192.8085064293278	21.62861253372737	157.32476755289068	24.103714671305205	24.465508704345382	59.08486934838804	93.37473243929882	76.4010715450312	26.714632644723647	85.18221741828587	529.103597429682	62.166141043967244	101.77416346199261	86.61268133696123	43.84471030584426	213.93596460300287	247.86326925193958	177.19422197544083	47.26194452745641	55.834125182966254		54.69679239148512	65.11842171558068	54.23792717345397	54.070703531078735	78.12679406422447	37.24754956916963	485.96420387466515	133.0901335749142	69.02138204450567	110.72648550235901	260.3082375033523	45.318797585847534	154.34285987489994	366.1730367315083	41.0788295960389	57.22966216557368	57.32785146192594	43.40215922579482	82.54577839383282	42.177969930813376	39.83296039352096	119.48318463393451	110.79731263387382	73.42853776438402	33.33941014107968	141.828251196501	88.30743109434019	112.82289239295835
2024-07-12	92.28917006100986	85.47519086102146	68.50283817053715	45.35002414949783	21.07039006608983	27.332072685834643	69.41371267079887	59.68485382506348	82.67857183390774	22.048882942401164	58.789715448520894	135.6151788457355	47.60881860430684	39.09990134391283	70.94485304148373	45.39863948943393	40.479069979830655	89.21143704709374	47.389273261614974	106.64745420201794	24.083334004246197	37.75579481504967	56.527661272126664	59.58750191057513	206.20974218893303	39.05664997373758	84.97497282890801	92.25529507310199	85.13542378379472	87.08659587242579	49.904542706589694	59.793263231078555	59.10593636282657	101.41003819652897	41.82782327657135	85.19308634212908	85.27695001992673	12.963063580280078	491.30139369955805	202.11410140386658	22.544737462998484	164.13037467171574	24.850834582413363	24.75502420873682	60.597259462730946	93.78463722267668	76.98007310626053	28.258673675876054	89.21074924856077	548.6011525667668	64.46771420235658	102.9633069034921	87.34441217785015	45.64751222753503	218.54864964710944	253.2666753291331	181.22390455966615	48.53910333162775	57.62592069249449		55.278677222507724	65.939735471224	54.69977621480343	54.479583235468496	81.680023015348	38.50682279510973	503.905444371807	137.40401032788196	72.00146481206448	114.25475241159305	269.65318410519546	45.70341861180986	158.0802810156795	383.6422075913909	42.914715332886445	57.99953948436857	59.14545873710663	43.534427746283676	85.1387532452975	42.91662271194036	41.28443470773032	120.66168481786701	115.75185032841344	74.29491783614942	33.799877326508664	143.60281849711524	94.10675138126838	114.45084344495484
2024-08-13	94.22055897331865	85.8601880085975	69.92972236801688	46.26627560637802	21.985185759990905	24.86341266693613	72.84172324153069	56.600546027148376	83.6381761872631	22.36717143391422	56.12817021916013	133.31039301225013	48.67786282417468	37.64644538795486	71.66177919597209	46.3919149226967	38.15830567640416	91.72952889089443	47.8783059682461	106.82151181750508	23.28527417267015	35.19730043032912	55.200598772927364	56.749353715652525	203.0375488268061	38.64836834723742	83.7708568453775	94.21094165308756	76.43670718771003	84.07153268550482	50.03976589913277	61.878925944314865	60.0646514275855	103.11016761520938	40.228502907740136	87.33175663095646	81.9459752925384	12.39383864551436	452.19096621907426	186.025463492183	23.373816859700725	152.17571760631557	25.280035818527885	25.075919969855537	58.99326154479694	94.2016502494825	77.93032860810152	25.313594817391504	83.76482654057568	527.1198061509972	61.955413275264135	104.27912162589303	90.7620710262141	43.658675431758134	215.8874665917949	245.62311177316892	181.29157625280573	46.76646699668409	55.58489387082805		56.55398502699205	63.98225132474364	56.8201892426015	55.1563626051801	85.88428875390305	38.62928696101931	484.2508659477724	133.03625391079993	68.25056563509679	110.2757639019872	259.73877887144437	46.06854122371166	158.25931982884975	356.66411515836705	41.42535863344996	58.69667712819526	57.02395931204331	43.05867460275661	83.6498763316625	42.435238630706536	41.43945058016548	121.61229655145026	103.81691799887182	75.88626883405135	35.37687090159038	146.42115760716229	86.81646791601473	111.89810089969606
2024-09-13	96.19398104342346	86.25698375143395	71.36526680385863	46.75389670661166	22.52446190349932	25.263530125276656	76.79690760798138	58.229661578117465	85.93121406319739	22.830383009373044	57.04937110226552	139.45671955971525	50.71045224910692	37.460739334908595	73.21845615737351	48.34305367758601	39.87238188043364	93.64511259545145	50.478207685003	109.40072374026603	23.52757928758721	36.7398887159535	57.216058644240334	60.141115974827315	209.83196141793377	37.097904737999556	88.96625714091306	97.36145551350737	78.94054269531823	85.3692794285888	52.214141331766214	65.72314694746288	63.3658924939791	106.11361205839947	39.18021202622064	91.81476045470481	84.70339589411901	11.950554586205897	467.8679553335793	192.46170234963128	25.19517057953485	162.1472710698684	26.14962325775806	25.478533290921828	62.162299337791005	94.64333975209175	78.67722449852596	27.326871584491073	87.44213224786535	548.5016399125439	64.46348557034604	105.93915797189408	94.36838689708051	44.10225750186402	223.2022978497044	254.27308516841458	187.37575761333116	48.801804791418114	57.54871093494823		57.476078667855155	66.38176786495686	58.889684891750846	55.68682976106585	92.54427953144932	41.088645618784355	503.8980953564851	135.27083139378715	71.46349082698205	114.11834346865166	270.26391636291595	46.49632787085527	165.09744518368746	370.3377931027915	41.87743699141376	60.33375150882669	59.02074175270426	44.68582384721885	84.52553027093853	40.62299584925058	43.51388070201695	126.79138672490978	108.1286062409819	80.32620799864168	37.29755477464409	151.91369123820908	94.26095165303755	113.89229720315213
2024-10-11	94.50738884807276	86.58847515767684	70.14761109983556	46.56327946237251	21.95375789101687	25.17597829655039	70.4438693815411	59.793127455448136	85.6430992384928	22.751172384965408	57.79195145723984	145.87590569910498	52.32890154206978	39.66203498787237	73.57867570259612	49.87396430333488	40.07964421699462	91.18242957635957	51.64819981668288	112.55051551430124	23.428646785668185	37.353255922336345	56.741849030333384	61.39036399226718	216.23099380227248	39.9841888482884	91.7856193568678	95.2810834807511	82.26479243153744	90.3285617608431	53.18756756346507	66.09036350230829	62.048841364076075	104.50483229604549	50.71837826995944	93.55617954985269	88.57654802627445	12.895077358213463	488.9970944789576	201.18477598206846	24.541565449765756	171.41558500675538	27.05020097919565	25.340078974403262	62.51234150224917	95.01684339502265	78.38235994876719	28.5444297867195	92.15707075943034	568.7559575469272	66.85585521686866	105.32202952599118	88.7817256309078	47.22582117228082	233.02336239862478	267.783950654512	194.35514235031806	49.41452454166689	59.39531602230738		56.46370768346666	66.63789132385921	55.80820228617288	55.5017682177142	90.03088372899806	41.36952290272863	522.5652947192077	143.5860189375265	72.93772519715763	116.9536198932002	280.47288546076777	46.61406537408174	170.63030563031742	385.2853745337868	45.61138590516509	60.102166918339044	60.8534106098171	46.56952477279121	88.94331591743179	44.33915301396564	45.2188950119407	134.6733798631659	114.12655303243575	78.68674313364852	38.13864508662009	149.9313703755567	97.48612585840932	120.7662513481568
2024-11-13	93.18642501311339	86.94243434109524	69.17286260595819	46.53958865499377	21.199127939523535	24.755572839371624	67.25788966814147	56.80410563435298	84.99870008724639	21.97753062550866	55.32288652142293	146.95101553820925	51.547393139808065	37.36943797686422	73.93390767361524	49.11225321992174	39.81960791157792	89.13878532149866	51.019813827022375	120.89888861833894	22.432264298663625	36.227203834397606	53.34930354633856	59.17358119184909	233.2530916357544	39.377003678706025	95.67542074049898	90.67338213767941	82.79517042691702	92.82764099698329	54.14801006585627	64.3123965451233	60.0155349148565	102.76658444367092	46.380461896246544	94.79484555599862	83.27089308246678	12.281496603790702	508.9118820827709	209.39297426352908	24.23729485674932	176.8825610176114	27.64191027916963	24.960214724489408	59.50572661779563	95.4090094569953	78.19175857665294	27.917833786394567	95.54754955877304	587.9618252741756	69.12503079809235	103.71922346719663	85.7351982817166	45.26460416958555	248.19788568815798	287.82644588317817	205.57881297931746	47.13630697804416	56.55315618489054		55.60385215876394	62.64618180019778	53.99800876370517	55.35971900212941	90.17427854022117	38.686920853954334	540.3211301502581	152.77151528348685	69.61448464745219	111.74609616127861	291.68006383770813	46.476127518629966	173.25229947837164	405.7218699351148	43.542492962971735	59.70883496925691	58.105282924356956	45.376367857477135	95.53607221935118	45.157945768598864	48.76680303840613	139.48505288676938	116.87815073103098	77.97138216161129	37.86229825343706	144.3430165383748	107.48628678965677	129.06916108069626
2024-12-13	93.8615121322513	87.29099676775787	69.6802645019541	47.14415935607745	21.372308418439744	24.896333651887083	67.97305797671693	57.88613685391368	85.83501665240917	22.10163080200489	55.79800818860852	145.05158048280103	52.847330206437306	37.262999571657836	74.36963469941165	50.34438568984935	40.953571188496966	89.96020949953115	51.10093788303871	120.48167686871649	21.37875151385468	36.89976648670403	55.11234806543658	59.987186760971355	231.32767836800204	37.906039546388	96.39376229025855	87.43457414461061	85.3464731858715	97.28777749490678	54.08573338159286	63.748652647189154	61.193396558241844	103.65926593041789	46.649575440758426	95.02659771685647	81.786340380806	12.440571517222716	524.8353083398769	215.97842904416729	23.917511964774206	188.11743732179835	27.144708074882015	25.08399612234285	60.26513835245205	95.78788460532337	78.54369335326257	28.15799110867942	96.41674527824367	595.6340628312478	70.0377838051792	104.23455391150513	86.50462347715042	46.071736550337654	249.81100993239406	293.99641315459996	204.46825908028467	47.75162160289993	57.30675662354147		56.01715274210841	63.70347369894385	54.5175257633564	55.62833559386523	89.70472217214424	38.31661556394498	547.4794073263299	159.74632876333652	70.33762457396635	113.73312552476752	295.67623780084733	46.71710391515257	170.55140069599074	421.38141094489015	44.14116498971502	60.26418155795152	58.864835734856186	43.83929771623403	99.77516997815495	43.03146776064302	48.736468019076376	135.39964612072382	118.40609983423555	79.36232201262466	37.49435600683012	138.5038279246359	116.22430302230562	129.95693767838776
2025-01-13	92.05399252314581	87.57750417363505	68.36418382755448	46.4294515900912	20.52658464694713	25.17165807222029	62.46713363028991	54.64035402591194	84.00421119383253	21.577491274582353	53.67964801627471	139.0154415148647	52.93354568830589	35.915185005371455	73.8554236178391	50.34244888435413	38.98747799781218	87.74080397789889	50.52567863554956	112.21546988551128	20.24936633564265	35.60535947411533	51.25412644124839	57.45953001552096	216.01783319077975	38.12115527815813	93.06674869801532	86.19042094609183	82.99808004041358	93.53117019975825	52.48348191614047	61.733599222451446	57.59469352312949	100.40190400975709	43.22316332738125	90.75698226190335	77.23380269061327	12.899172899246766	506.12841920547464	208.28066005385048	22.622095197166438	178.99700241369266	26.20129628876535	24.712459168005147	57.630149223367745	96.12031696366061	78.57355369994112	27.205864262394915	95.00927326079217	576.5486847005052	67.79781182350122	102.6976096626735	81.6889528401373	43.933771971399345	236.6144093024979	279.77885430928626	192.90605559082627	46.04788765269177	55.04196888922027		55.23111163429695	61.48688098480356	51.71521130648432	55.64098316962781	83.37622597931025	36.73916199539774	529.9003549291774	153.91415676273184	67.5729593675679	107.9780017077058	285.2262612874573	46.67974196987763	165.46903248548017	406.37489864382354	41.68916977913694	58.98469666025791	56.46718972747475	41.36716829519516	95.13404829075674	43.13515170719016	47.11415055427165	130.61511871627346	114.00053885274443	74.65438002273065	36.591080165722246	138.1631471609503	110.11239198114623	123.24694320413212
2025-02-13	93.48208068898367	87.89126163677906	69.44253799779709	47.13227138920789	21.135518092471564	25.162015185477806	65.39097456101743	55.464861369235194	85.96878447206831	22.258784997009002	55.286312847389716	146.3781581236107	57.69759451594236	37.26237127549508	75.0540605469652	54.96074357556874	42.157151284270576	89.32451524654908	52.44858748258821	115.07469521131328	22.473078499783597	38.43423773917434	50.24663304082762	60.34341753018728	223.06213924969677	38.66293248917839	101.14909719693038	89.98166026933879	85.65956280361087	102.19088252755053	54.44594381102605	64.7285034661287	61.52918793870808	102.59658528372776	50.36026984191442	90.66169988295802	82.6821355911197	13.081956269414178	529.2307040476228	217.77776035375186	23.789101344925733	189.43090384183796	26.73326164663614	25.1837333181742	61.520348231449894	96.46753159206162	78.92340247081816	29.336135387805445	102.08265231913441	599.792426282171	70.5213367703687	104.61752381244531	84.56230099635908	45.69950944322565	243.7807446726508	287.61092745816495	198.8541032245021	49.382066493800686	58.83430793008837		55.90399958207357	67.37351351205501	53.48719942519197	55.90326877945144	88.282952148645	38.81518417708856	551.225434146813	166.0519276191305	70.93700092783716	113.52699411937036	296.9024792095306	47.144948929414824	173.51904155291237	422.23322356381453	44.13785592530323	60.29322733394776	60.329915446174695	43.86920133578221	102.75048611850794	43.415193819350144	50.8753110695551	136.08719462104062	117.97199972414023	78.71950537427055	38.53618415298671	143.70329280001175	111.9541275575383	127.03201875157418
2025-03-13	94.94165643373388	88.17826323387919	70.4993945078217	46.48013682259735	21.473611987452422	23.631097613232185	67.44060323683978	54.23667361039857	86.5390868577745	22.681881214760757	53.10366721508177	143.94551387993766	58.461208596361516	36.82466994065221	74.68367342055461	55.67750136066144	42.086103279793065	91.43417471459342	51.05984571115927	102.16455756630532	21.74435927732477	37.95754111223373	48.59816856718951	59.827505769330635	197.6493678985966	37.75857619396101	97.52221839805814	89.59256170907138	76.05779411412682	95.70454607232175	52.34504915345674	65.20181959182673	61.66811240568818	103.6102792506081	54.49101952894545	87.38820735732337	81.77675193094002	12.79488593922611	470.32839144240774	193.5608982538194	23.193968262379226	175.52454008193203	26.475109716700107	25.501577001829624	61.946276113610416	96.78400724879322	79.64548157087424	30.335688790512904	91.59734196722863	549.5520716110608	64.62424920945564	105.94140649074807	86.83135835417366	45.24389408195714	217.2985115708982	249.61668563388935	181.0516424618984	49.67163776090048	59.17690549754347		57.00101279319691	69.1690376679786	54.93231200411833	56.41862944536472	86.17425600600987	38.38476293184533	505.0339044563604	148.19838500119306	70.40090938675837	112.19624227444254	270.23682193722567	47.6316114011824	165.95762325793933	371.2940690037369	44.03673193565267	60.782530315066005	60.53940102352029	41.76164796193854	94.8994455602328	42.285109609769776	47.02368705133664	128.038840180507	104.1148847350261	77.98034456517792	37.602414671531434	142.37491379707345	96.94780562814277	111.16512939221519
2025-04-11	94.18537562493218	88.47942902016555	69.91413087244159	47.01095137317132	22.06091270715304	23.711265491992805	63.946847485704886	51.81458524900621	83.83420946373805	22.579364985100383	51.50747100508077	136.99096937239807	62.8019858071167	35.09182895355348	73.12599738520818	59.81417885562208	41.14142274102134	91.06151301729241	51.41013064185462	94.09293600829511	21.333664057480416	36.61764921364494	50.59041500331532	56.70316343024146	182.10614843021887	34.587328084428364	93.91613671622403	83.93191862716867	71.24495734773588	90.6026053454671	50.0571940510555	65.5416075619174	62.17209490455144	101.73256893552215	47.67221174675583	79.96188672497416	76.58580848794892	12.151271389499616	448.46732447617586	184.5214264812823	21.909105143530937	165.99910132444535	24.51363553105359	25.34484900311491	59.19087613323537	97.1182592018682	79.96749784022381	28.606163745461895	88.43165155369135	525.3929674290744	61.705260384346154	105.31360614685411	84.19509004263747	42.66836592480353	202.98172256483852	233.81811745835228	168.56792584070675	47.25711601333898	56.07891305049946		57.041903046906555	65.43151542883827	53.429380221115935	56.65408529725063	80.97049736785296	38.10682618148402	482.14104711015506	139.73911568494339	66.67798317029154	107.39233749290312	257.63752050134906	47.892908308718944	158.3637218083735	355.21922095875277	41.3116107452971	59.032154046544065	57.37646381245348	39.144186353399064	90.10503158307303	38.447847600356496	45.82290700111192	123.04811948804439	97.67495244718947	77.91814073090326	37.092563231612786	134.53681651412154	93.87974111722644	107.39617131285137
2025-05-13	94.6440375906952	88.7806683136431	70.28164263200219	47.219572388795925	22.15943543513986	23.92332829309813	62.928300803069554	57.54186943331049	86.74955644695184	23.25512390464074	57.2176669126829	153.9326097810857	64.68642502786454	37.83219719122537	75.84017279807715	61.598824099112065	46.0711138535537	91.24442672698436	55.270178299237685	105.40687247448044	24.518946986949288	40.91958274785981	53.70084181238735	63.075009354665006	204.4659116390288	37.27288210935063	104.39396197916311	83.79862892095275	82.18538646253383	98.84705743952395	52.61844462956847	69.19393041091311	63.5669664564296	103.15296950510773	53.245531756565974	88.76074820639194	82.8857235101135	12.40170806978383	504.6648988903804	207.69793171301868	23.669167240571294	185.25784604920122	25.433490550620213	25.539718307406652	65.91766545955585	97.46413678246051	80.07842481258149	29.79217556296624	101.3130605092499	575.0719700940646	67.62045053812432	106.09398149235852	83.47020765530704	47.46687218485589	227.74256744649153	263.9903926909693	188.3380616894471	52.324008663045646	62.06723380778309		57.204263202496136	72.36519886534948	53.07902395534702	56.73808490117978	86.38639402437923	41.19889377383669	528.559490451383	153.51466448670317	74.25099595501746	119.70276326777261	283.3591873502195	48.07500721382449	167.56310008848868	401.69119974182735	45.770016361269676	60.95752318578705	63.533212962274284	42.233907132399665	98.3222181730478	41.191505664396686	50.17610861963682	138.12761072634427	113.23824061831462	78.79185641007477	39.079216403324416	131.5840051016989	104.91959876661869	122.17705177882806
2025-06-13	95.46025424983836	89.10809553791252	70.85247885287656	47.665095462757186	22.817145740022664	24.28925411461839	63.07371476244451	61.48948398645263	88.10144273514717	23.874563636027872	59.79453962688338	159.51199699667455	67.28795654521873	39.66984383678073	76.44014376607652	64.0819220017312	48.44472678595873	91.94893413234331	57.56130085967891	106.15277130111025	24.706617108375976	42.90894769661836	54.519892711748504	65.15139621308685	209.10411873062543	39.11689080317356	106.27188827568058	86.63265022972863	86.26760081426433	104.809049396029	53.31377424683028	71.60304437977328	64.94568608111136	104.73124995579931	54.040369194389015	90.526468257996	85.37530421460824	12.82841332918484	528.0241362425834	217.3068767370338	24.236975954388235	184.47527863704528	26.12321693652388	25.618239067143726	69.11900415823993	97.83091935342297	80.37674810906046	32.997436200064904	106.00262674886739	594.5034834070707	69.90588595577846	106.36276644531125	83.91382954768062	49.8353827508306	229.3214095609288	268.5958945904508	188.28421061665435	54.75559068594059	64.57730959252325		57.592556176373705	75.6009426831285	53.39452861673695	56.95546139211777	87.64068335596937	42.85374127403048	546.428764214822	162.18165033760687	77.37501252996944	126.69706293678716	292.5021715243045	48.17565873899065	171.05526935721474	419.6183432496563	47.3655639125747	61.918806457391796	66.23452230095025	43.2758482213088	102.31170776195319	42.42148859954074	49.9723916420806	141.85522703106506	119.57537979032836	79.62724832084169	39.85448085889958	134.25247930780955	105.86615521122921	123.84123633187579
2025-07-11	95.99737738263343	89.39346264187184	71.27205722121604	47.58608231668455	22.80296273870558	24.585655122664036	63.163261263149366	63.11387621915914	89.3256673903176	24.28600179600631	62.20524018103309	165.61691749865628	66.12164036836592	40.41640139249711	77.4179242664693	62.956160856154185	49.62256387237661	92.44238444361528	57.751603563747665	112.08264405047638	25.074328682348064	43.55068534722064	55.16707171778769	65.46142516319537	221.23414418389586	39.87054622047032	110.22593269496981	85.89477521177413	92.4902143243809	107.58014120885412	54.32556410100422	72.7689184968835	64.36258759786043	105.56858693105153	54.255506316658895	95.44379233636566	86.86897889652388	12.854455902675308	553.1839022397642	227.69250431118263	24.147994747935805	187.88807617051415	26.822603319801864	25.897668630651054	71.50300570502043	98.14972573801822	80.67885000678152	34.24222855144639	111.6988889188591	620.3143442357127	72.94871300762415	107.52440477030245	84.09541820561475	50.6706993816999	241.35265057818597	279.8702343162468	199.5984604057755	55.82799196763611	65.78149795829444		57.909019646002655	77.17755193411021	53.53511775118109	57.16791570210584	87.98108792688141	43.73355720276817	570.2239584687336	168.45771069706166	78.52789770595388	130.9583336452323	305.5260501540215	48.55719667965437	176.7313148022008	440.6259353346973	48.406997434203895	62.726658352586675	67.59106666813916	45.38235431659204	105.7365035997692	43.59594991799833	52.01445260040978	148.99445368513457	127.81288797950197	79.80501270820072	40.5662346460599	134.29048557663825	109.95277818559249	129.10813921240415
2025-08-13	97.2665340490405	89.72135860938027	72.18713743035377	47.88508898560529	22.76565592906939	24.776318145740095	64.35808284193352	63.92756215064081	91.53646212825595	24.533511176417576	63.44534103930595	168.48015782649475	66.5025239289013	40.83886101939203	78.172720304062	63.30672379374247	51.28612978885002	93.78459076884903	59.780203563711154	113.73330413850755	25.43900211686483	44.93125867609336	52.5425952605123	69.87313242894281	225.96664731878786	39.109745393456464	112.3448896330196	84.00800680564132	96.95173201065279	114.23559836891515	54.29307116834283	75.33425211951061	65.44068583150063	107.54209066771712	58.73947841789797	96.34323602284235	87.38847902974321	12.498334221180693	576.7071570751727	237.39933564816778	24.244381314693527	193.1889754062467	26.67228768279575	26.19855906234236	73.64695535736243	98.5153124556517	81.20728389842063	34.71054209108832	117.29260334758489	638.2388737519593	75.06211610165676	108.79736252051842	85.5235221204172	53.28928205451703	244.59849322486718	284.9762361342067	201.5876785697141	57.15663768159544	67.5562647039701		58.571240874361614	77.1747957381377	54.491979888577546	57.541436009149535	87.7321091244477	44.957485979606474	586.7317776752195	176.40022012564174	83.37069167958872	134.10112778694628	314.117478698738	48.95331045846013	177.82214521365574	460.5842611343056	50.09939898661102	64.24884870705233	69.40064302840827	44.48217205956821	109.34301195154512	41.84574781340356	52.087099144012726	150.71989118437617	133.25324718604847	81.31590250238298	42.55387071097039	130.84604054852437	113.34264271584156	131.00174446285203
2025-09-12	98.87519742654021	90.05771671897642	73.34574824244729	48.04902920595808	22.86062267996041	25.661993745107146	67.34291244155659	66.29088672979533	93.28822118384474	24.83707707704844	64.92295311493851	169.68637977839262	72.04348903971119	42.76430081492141	79.01846568445688	68.57038124754364	52.343994560208024	95.5364024883743	59.82849463528998	117.75830905608979	27.180918549834626	45.86223025119921	53.118051979590916	71.85118703210252	237.09490444712864	40.47099977512534	114.97885297902894	87.84521256655523	97.70375131454573	120.76058478831456	55.16766085305944	74.58013910114494	64.93351542717055	109.85724521568739	62.8677760519146	96.56400615561009	90.71042573838612	12.791036197619317	582.826359440749	239.91801898966412	25.177236100217844	201.69765685935775	27.007844211812305	26.608332930024638	75.28286664307137	98.8804191414712	81.6625032567649	37.94779825294307	119.46387146999443	652.0318590516023	76.6963510944831	110.45110634127522	88.26388923388402	54.67934934494325	254.05843527610597	297.70981706057944	208.48842846004192	58.48633940642254	69.37526102267557		59.32852959177829	78.34325087767803	56.110085780751575	57.881386132554695	90.93103841825362	45.784577500211896	599.4974367028756	186.39593934855532	85.78388809915596	138.78112463347142	321.8172313274778	49.338000076380226	182.88387612541635	468.84017655646414	52.00152634685009	65.40128569491243	71.29800295933849	45.41433699984284	115.68287449018776	43.592026276440656	53.3536222172161	150.60662422660818	134.64041163542285	79.20367178984078	41.897742270939275	137.20605015628908	118.15534125472138	134.49154437302295
2025-10-13	99.12948598334651	90.34786865617588	73.54102954523447	48.28932127675891	22.529596957923918	26.724285811063396	68.1637298078648	65.77685448480808	93.51316585559371	24.832264173243374	67.24625915974798	170.4149700777313	80.25765620319069	43.17059565818795	78.8138944472424	76.37649959473497	52.15232915060389	95.57797982935644	60.407224445921926	115.9561066863283	26.994526414860434	45.647377657744954	52.86333645352464	70.41718744075402	242.20731577472657	40.00982631456057	113.23465661783928	90.59530982882171	103.43330706515223	117.81799955765516	55.042973496866196	78.92755002947521	63.34163429213635	109.84197630904544	62.641565823637	97.93214371440413	90.8048313539727	12.819655614829376	599.9721033773407	246.99212687507165	24.630739300609786	200.7754994622784	26.460664651555476	26.62378570295519	74.47860888525938	99.20493925565933	81.96404039237177	46.077771896097374	120.258536483949	660.6364587896089	77.72427186712642	110.53121215455907	88.9022363204185	53.72423242838223	251.78346274816877	300.1903211164941	203.95031033668528	58.84116566042386	70.00743248660805	76.13975321451822	59.400902788460485	79.03227575197735	56.46378637133844	58.0619217280893	88.00483425120571	44.881734060155004	607.4991012651009	182.27098162308744	85.19350280197534	138.21574949058257	325.68621657537057	49.38520197072956	183.68165379317148	478.3613836768768	52.76960800419897	65.57686721606049	71.89930502707955	43.837341960117485	113.61143490063378	42.938325792254794	52.55271380906914	151.22563096242612	142.03116415595298	77.31470678858993	44.95902181970587	141.9520480294574	116.34025940986936	134.6293508812294
2025-11-13	99.26284883914194	90.6353594441924	73.63292291826731	48.45119477559494	22.551162587959954	27.50438709278941	67.74346444528	66.98107822612099	95.04995540399311	25.212557821398633	70.42370933099727	172.09406909754665	82.2183381955988	44.23575429089152	79.23304177956905	78.23142203114782	53.6738398930216	95.79009565189969	61.06541609525377	117.55334981977904	29.869330747866858	46.86634806158926	54.33141833662397	72.51089522517631	239.40401571461126	42.09558863380421	115.72449228647193	95.03934751326001	105.31017788242791	117.91337730229483	55.84715190906957	80.03146502516742	63.895734576839175	109.5460496618257	63.683503194195794	99.7875502272554	91.47857844797987	13.17565736247459	613.6902775196645	252.66322034327646	24.986103009708597	203.8300181217985	26.867553765253877	26.583767451499252	74.98114689983433	99.54857557850919	82.0727235498659	47.19021405140958	118.64897426966571	674.875749572906	79.38909498402951	110.34159138827457	88.65694591250842	56.50374634632689	251.97968238694014	296.3555071499993	206.12270760500638	60.54546906692964	72.07180068386623	77.99603936846793	59.5299487110234	80.91609651991752	56.39789799026212	58.186323918160454	89.15141712405295	45.549762555275855	620.5875793468533	182.569302803333	89.03324872651392	138.65231982707948	331.55104417661255	49.35179631342379	187.0038973862772	487.62279867837356	53.96773278293	66.65265069738429	73.8677274611625	43.53367775011801	112.3742674808318	44.83549335694509	52.9723819162412	152.5654506215523	144.79321429611878	76.59726285799593	44.27466254659376	151.08776075143655	117.35043660956352	135.37214575166243
2025-12-12	99.27763951996984	90.93790631013567	73.63581481317286	48.13296138324223	22.417943581778545	27.79923941450961	65.52972098511506	66.17719735122871	95.44483248492	25.41250785190553	70.6353707906996	175.37356648553268	84.57903487122547	45.284378946495316	79.84967759112807	80.48977608399545	54.58452257285202	95.67517635821727	60.988918115444676	123.55158651136784	30.527157141395364	47.48449672179393	53.30415030488922	72.97378250121298	253.74700249927372	42.20789352778588	118.78568686216497	96.09843838975472	104.9846560999841	120.16864554871565	56.8727579797152	77.68793406160827	64.83640619539236	109.65909912505464	60.891608270373624	104.2167080900456	94.78712536217233	13.184019296489254	618.9259523796795	254.78903747511225	24.72125307782512	205.73568666113812	27.61507052230632	26.492915283570746	76.31952589694183	99.87330666576526	82.34557384992529	56.20129449852347	119.98121117303057	682.5459485858028	80.30463285244664	109.96014691883514	87.09279912401118	55.21813350337136	262.2669816847551	308.01279391287994	214.88967086278376	61.45181637075964	72.50893911816863	78.11041994433523	59.570700216863315	81.92215096203729	55.56354617851528	58.38201463995828	88.6055007363651	45.201653541647666	627.6745929835539	191.9179874543163	89.44230628134375	140.93851474850717	336.4117158356127	49.40853697487289	191.1637232001437	488.66831689068545	53.12720090576238	66.825467686789	74.35905386210487	44.60680165783713	116.27596178803643	45.340179302437065	54.41351762639928	156.0032556130372	145.6274599651674	78.32010624534769	42.56635265018536	152.70671580681648	119.91075421393491	139.70529737677052
2026-01-13	99.82243265175761	91.20553230811679	74.00742102066229	48.43266803607559	22.345536667896894	28.71855982025524	65.60069346111842	68.97303318638014	95.79888892026854	25.815637320991147	76.18188038328896	184.52982512186358	90.30183936466534	47.88841904018494	80.61882084239872	85.91459639680346	57.02542112800106	95.95543201228949	61.63850920543682	126.26202625983967	31.84673203951418	49.90726758581844	53.26142743166994	75.87426350155599	260.61986824441635	43.108233740797154	121.8408365546751	99.4340721197915	107.40539355457327	121.47193301984741	57.87431072910574	78.95785383201942	65.7618475757076	110.21977675859264	63.37704826286702	106.85591862914126	102.56461930545699	13.752744843414092	625.8996387755501	257.7035931880871	25.349499166145204	212.29038661878383	28.524679190666745	26.571451736482356	80.02545664676944	100.17772315307994	82.59582629757682	76.43605182908557	120.14918639587493	693.60349919157	81.60606237652127	110.21916652143683	87.41607130060123	58.08592927697605	271.7869885453971	321.15656808787696	221.56391965084867	64.56195403053044	76.20998763393922	82.06640941245105	59.75684810738544	85.82037913047805	55.85864965122619	58.56909488405598	89.75453925177274	47.09553682081702	637.8814906351927	194.92644242491554	94.71697238428146	147.89004923766336	342.22067781363455	49.51870242733463	196.4979280998925	491.2894789964021	55.88979120890491	67.04254208363055	78.08594820033547	48.41922904855679	117.24314365258661	46.67084054428765	54.88463732758524	163.02370820468582	146.35097787212314	80.22576374514003	42.656421288171074	157.14595964277873	124.01017225591478	141.90847478829338
2026-02-13	100.72322869187863	91.48629889890168	74.68688489352041	48.76792760483961	23.02631812316155	30.353543720740294	67.45650850814872	73.6378930967756	97.24378494337901	26.47826765312214	83.92831633693717	197.03484492562572	99.10506069136625	53.1294072589769	80.82955389577016	94.26050182764989	58.53451484461493	96.8751005351685	67.7311870665029	130.75238371591206	36.42830288113848	51.84238027270817	53.103708912345276	83.08470460860457	262.6408553720819	49.91593123207515	120.71344391015396	100.50928799519298	106.1306277607432	121.02273818490758	59.197589613975026	85.96472091498765	72.8215078489009	111.2692852835236	60.7819806877032	105.34070962301479	112.39456229580497	14.227680733223945	604.1561693573411	248.75492015854866	26.818385699271502	205.39241685294758	31.503488571880098	26.8045342308334	84.89251780524802	100.4931776838867	82.98009147800283	70.56238552240427	118.81553315417506	684.0988673676873	80.48440757963328	111.21155696778004	89.1714331413028	60.4257654450474	275.8480566999281	314.5696702927338	230.9170905375469	68.64517240366592	80.41562184213308	87.88833978451187	60.24048150895777	88.83869411598741	56.86665229348078	58.84249372902087	93.89752624550596	50.364880201734564	629.0771426646293	188.4042513807338	105.88946495424716	156.74892262089367	337.67036657069673	49.74661896858081	205.76238310552515	461.4948288321004	57.83389092549935	68.02738027908904	82.3330536106576	53.10053343364996	115.17987284724464	54.212976009517504	52.05686719939546	173.76300408937365	140.2087035863758	89.01072677746616	45.608167075778425	156.8468594987084	116.61634033924437	145.74677337240357
