시점	국고채|잔액	환율|달러	통화량|M2	KOSDAQ|거래대금	KOSDAQ|종가	KOSPI|거래대금	KOSPI|종가	경기종합지수|동행지수순환변동치	경기종합지수|선행지수순환변동치	제조업|가동률	제조업|재고율	설비투자지수	수출|금액지수	수출|물량지수	순상품교역조건지수	기업경기실사지수|수출전망	기업경기실사지수|업황전망	기업경기실사지수|가동률전망	경제심리지수	실업률	고용률	소비자물가지수	생산자물가지수
200301	55755.2	1170.1	880711.8				591.86	101.2	100.1	77.6	75.916	49.0	32.16	27.79	161.96				96.0	3.3	59.7	68.835	76.45
200302	55880.2	1193.7	883636.2				575.43	100.7	99.9	78.1	77.557	58.5	31.24	26.49	159.67				96.0	3.2	59.6	69.213	76.86
200303	56930.2	1254.6	890072.4				535.7	100.4	99.6	78.1	78.437	57.2	35.26	29.55	157.59				96.0	3.3	59.5	70.034	77.61
200304	58040.2	1215.3	888479.9				599.35	99.8	99.2	77.7	80.58	54.2	35.27	29.88	158.0				96.4	3.4	59.2	69.908	77.22
200305	58278.3	1205.9	885239.5				633.42	99.7	99.0	76.0	80.458	52.3	33.72	29.35	160.19				97.0	3.6	59.2	69.782	76.79
200306	60128.3	1193.0	885850.4				669.93	99.8	99.3	77.9	78.959	54.9	34.84	30.32	160.5				97.9	3.6	59.2	69.592	76.42
200307	62628.3	1179.7	888388.6				713.52	99.7	99.3	73.4	82.623	51.4	35.66	30.9	160.08				98.8	3.7	59.4	69.53	76.56
200308	64583.3	1178.2	890778.8				759.47	99.8	99.7	77.5	79.584	52.3	35.11	30.24	159.4				99.8	3.6	59.3	69.845	76.84
200309	67163.3	1150.1	892712.8				697.52	99.8	99.9	78.2	76.476	55.7	39.14	33.46	159.14				100.8	3.7	59.2	70.477	77.16
200310	71638.3	1183.1	886841.7				782.36	100.2	100.4	79.8	74.018	55.2	45.12	38.59	160.0				101.6	3.8	59.4	70.539	77.39
200311	75823.3	1202.1	895668.3				796.18	100.3	100.4	78.7	74.074	53.0	42.64	36.07	157.42				102.3	3.9	59.4	70.413	77.74
200312	81483.3	1192.6	899481.8		448.7		810.71	100.6	100.5	80.8	73.21	54.5	45.66	38.25	157.13				102.8	3.7	59.7	70.73	78.25
200401	84318.3	1173.7	900001.8	792296403.0	441.45		848.5	100.9	100.7	79.6	72.154	51.3	40.2	33.16	157.1				103.0	3.5	60.2	71.172	79.32
200402	89368.3	1176.2	907172.8	839061274.0	428.68		883.42	101.4	101.0	82.7	73.35	58.4	44.55	35.94	156.8				103.0	3.5	60.5	71.487	80.31
200403	94403.3	1146.6	913480.8	674189932.0	434.16		880.5	101.6	101.1	80.6	74.596	56.5	49.92	39.97	155.66				102.6	3.5	60.4	72.181	81.08
200404	95211.5	1173.3	915889.2	977132712.0	453.47		862.84	101.6	101.2	81.1	72.829	55.7	49.23	39.34	153.75				102.1	3.6	60.2	72.181	81.47
200405	97811.5	1160.1	923429.4	756996501.0	400.92		803.84	101.2	100.8	81.5	73.202	56.1	49.34	38.99	153.41				101.3	3.7	59.8	72.119	81.67
200406	101611.5	1155.5	925036.3	555531965.0	385.18		785.79	101.0	100.5	78.5	75.179	56.7	48.2	37.8	152.55				100.5	3.5	59.9	72.119	81.59
200407	104341.5	1170.0	930641.8	450771375.0	331.21		735.34	100.5	100.1	77.9	75.782	55.2	48.89	38.29	152.75				99.5	3.8	59.7	72.561	81.92
200408	108121.5	1153.0	940205.5	478555746.0	355.66		803.57	100.1	99.8	78.6	76.037	57.5	46.09	35.56	152.72				98.6	3.7	59.5	73.191	82.64
200409	113041.6	1151.8	948552.5	528041009.0	362.08		835.09	99.9	99.8	78.8	74.559	58.1	48.85	36.9	152.04				97.9	3.7	60.1	73.191	82.98
200410	115211.3	1119.6		430245850.0	357.04		834.84	99.9	99.8	78.3	74.052	55.6	52.97	39.6	153.98				97.4	3.7	60.1	73.191	83.01
200411	119491.3	1048.2		442597397.0	373.43		878.06	99.7	99.6	80.3	74.752	55.2	53.52	39.39	152.16				97.3	3.8	59.9	72.75	83.07
200412	123061.3	1035.1		655632199.0	380.33		895.92	99.3	99.5	79.8	77.725	53.3	52.84	38.87	151.92				97.8	3.8	60.3	72.877	82.46
200501	129921.3	1025.6		1517526426.0	472.95	2308722688.0	932.7	99.1	99.3	82.7	75.342	59.1	50.28	37.54	151.56				99.0	3.8	60.0	73.594	83.26
200502	132951.3	1006.0		1731935665.0	498.38	3135787646.0	1011.36	98.9	99.6	78.8	77.162	57.2	45.47	32.69	149.97				100.5	3.6	60.0	73.892	83.42
200503	136104.2	1015.5		1251248431.0	455.03	3034243377.0	965.68	99.0	100.1	81.1	76.405	56.3	56.48	40.48	147.7				102.2	3.6	60.2	74.338	83.5
200504	139739.2	997.1		951741539.0	424.4	2126680255.0	911.3	98.8	100.2	78.9	78.909	56.8	52.46	37.6	143.41				103.6	3.7	59.9	74.413	83.73
200505	144859.2	1007.7		1354544909.0	471.48	1781052012.0	970.21	98.8	99.9	76.6	79.194	57.9	52.97	38.41	140.31				104.9	3.7	59.9	74.338	83.19
200506	149979.2	1025.4		1932378236.0	503.21	2450501477.0	1008.16	98.7	99.5	77.6	75.636	59.9	54.87	40.61	139.09				106.0	3.8	59.9	74.114	82.81
200507	151449.2	1026.8		1974494871.0	546.68	3431083340.0	1111.29	98.6	99.6	77.1	76.052	62.6	54.29	40.36	137.84				107.0	3.8	59.8	74.413	83.32
200508	153549.1	1038.5		1652377869.0	503.95	3062536269.0	1083.33	98.6	99.8	77.7	74.103	57.8	53.61	39.94	137.4				107.9	3.7	59.7	74.636	83.55
200509	158699.2	1041.1		1497154574.0	571.95	3718034384.0	1221.01	98.5	99.9	78.2	75.901	58.0	56.61	42.0	134.82				108.9	4.0	59.7	75.008	83.92
200510	162449.2	1040.2		2189859629.0	587.46	3796543478.0	1158.11	98.5	99.9	80.4	73.936	60.5	58.13	43.12	133.78				109.9	3.9	59.8	74.859	84.14
200511	166289.2	1033.5		2516003890.0	712.39	4198417771.0	1297.44	99.1	100.1	83.0	71.285	61.6	60.56	45.42	134.86				110.9	3.6	59.9	74.561	83.9
200512	170475.2	1011.6		2908241182.0	701.79	4786351740.0	1379.37	99.5	100.5	80.3	73.383	63.5	58.65	44.83	134.82				111.7	3.6	59.9	74.785	83.66
200601	173015.2	964.6		2767398234.0	690.24	5764974901.0	1399.83	99.8	100.9	82.6	71.534	63.2	53.99	41.38	133.84				112.2	3.4	60.2	75.231	83.95
200602	178995.2	970.9		2208538818.0	682.36	4314643070.0	1371.59	99.7	101.0	82.1	76.088	65.3	53.67	40.71	131.81				112.4	3.5	60.1	75.381	83.99
200603	182482.3	971.6		1881506569.0	665.21	3396915531.0	1359.6	99.9	100.8	81.4	77.05	66.0	61.75	46.98	130.4				112.2	3.5	60.1	75.827	83.88
200604	187209.8	943.4		2017587690.0	685.44	4111860060.0	1419.73	99.9	100.6	79.8	77.827	66.7	57.84	44.17	129.95				111.8	3.5	60.0	75.902	84.03
200605	192940.1	945.6		1623513040.0	630.5	3814477431.0	1317.7	100.0	100.5	79.6	76.844	67.6	62.21	47.05	127.0				111.1	3.4	60.0	76.05	84.32
200606	198383.4	948.9		1173516972.0	590.68	3038809503.0	1295.15	99.8	100.1	78.6	78.202	62.9	62.88	47.09	124.15				110.5	3.5	60.0	75.902	84.17
200607	202116.4	955.2		1132440757.0	557.66	2560375956.0	1297.82	99.1	99.5	72.6	82.302	63.9	59.1	44.23	124.54				109.9	3.5	59.9	76.199	84.43
200608	206677.4	961.5		1266979956.0	572.83	2680536488.0	1352.74	99.0	99.0	78.6	75.939	69.1	63.09	46.95	123.1				109.4	3.5	59.9	76.645	84.98
200609	204135.4	946.2		1593460555.0	600.42	2849126764.0	1371.41	99.4	99.3	81.7	75.592	69.2	70.13	51.79	123.06				109.2	3.5	59.9	76.868	85.26
200610	204025.4	942.3		1588480257.0	586.1	2912133801.0	1364.55	100.3	99.7	82.7	73.002	69.1	63.52	46.94	126.1				109.1	3.6	59.9	76.496	84.47
200611	204196.4	929.5		1675865731.0	622.17	2984881764.0	1432.21	100.8	100.0	82.5	73.599	70.2	69.63	52.04	126.49				109.2	3.5	60.1	76.125	84.06
200612	206798.4	929.8		1859185865.0	606.15	2792073714.0	1434.46	100.9	99.9	79.2	75.92	69.3	65.45	49.13	125.73				109.5	3.4	60.2	76.348	83.99
200701	209569.8	941.0		1769707917.0	576.37	2582501187.0	1360.23	100.9	100.0	80.6	77.489	72.8	63.31	47.59	124.16				110.0	3.3	60.3	76.496	83.99
200702	214447.8	941.8		1808284634.0	600.93	3353641271.0	1417.34	101.0	100.2	80.1	75.944	74.9	60.14	45.89	125.48				110.9	3.1	60.3	77.017	84.04
200703	214540.8	940.9		2051682809.0	648.99	3149139880.0	1452.55	101.1	100.3	79.8	76.835	71.2	69.16	53.01	123.2				112.1	3.2	60.3	77.464	84.4
200704	217728.7	930.8		2277337273.0	675.88	4472297898.0	1542.24	101.3	100.4	80.4	75.208	74.9	67.9	51.86	120.65				113.4	3.3	60.2	77.761	84.99
200705	220146.7	927.7		1868500171.0	747.87	5060726750.0	1700.91	101.4	100.6	80.3	74.74	70.7	68.61	51.63	119.48				114.7	3.3	60.1	77.836	85.47
200706	223652.1	923.8		2518816999.0	778.69	7316801417.0	1743.6	101.3	101.0	79.1	76.226	70.0	69.61	52.13	118.84				115.9	3.3	60.1	77.836	85.64
200707	226360.7	919.3		2119094975.0	811.52	7629429713.0	1933.27	101.4	101.4	77.8	73.632	68.0	71.22	53.23	119.36				116.7	3.3	60.1	78.134	85.75
200708	230460.7	938.3		2036430115.0	775.13	6189490662.0	1873.24	101.5	101.5	79.7	74.346	71.2	71.9	53.22	119.46				117.1	3.3	60.0	78.208	85.7
200709	224082.7	915.1		2138573170.0	794.56	5669445490.0	1946.48	101.3	101.5	78.6	74.115	65.8	68.14	50.63	119.59				116.9	3.3	60.0	78.655	86.11
200710	224390.7	900.7		2283546885.0	810.07	8236418977.0	2064.85	101.6	101.4	83.1	72.256	70.0	80.06	59.28	117.44				116.3	3.3	60.0	78.803	86.29
200711	225991.3	921.1		1764779161.0	741.84	7290704164.0	1906.0	101.8	101.5	82.7	70.996	74.2	80.9	59.38	115.33				115.2	3.3	60.1	78.803	86.64
200712	227373.3	936.1		1789508996.0	704.23	5295404612.0	1897.13	102.2	101.5	81.3	72.363	75.8	73.92	53.47	112.71				113.8	3.2	60.1	79.101	86.99
200801	233321.3	943.9		1572125372.0	608.84	5506422742.0	1624.68	102.5	101.1	83.4	73.071	73.0	73.86	53.83	111.25				112.2	3.0	60.2	79.472	87.48
200802	237755.3	939.0		1426905176.0	655.94	4688595999.0	1711.62	102.5	100.6	81.2	75.928	72.2	69.26	50.2	110.11				110.2	2.9	60.1	79.771	88.29
200803	234083.3	990.4		1301332246.0	644.45	4818747917.0	1703.99	102.4	100.2	82.4	74.961	71.6	82.18	58.91	108.71				108.1	3.0	60.0	80.515	89.44
200804	238382.3	1002.6		1457658807.0	647.02	5732962154.0	1825.47	102.0	100.0	82.9	76.568	74.2	84.54	59.16	106.96				105.6	3.1	60.0	80.962	91.34
200805	241768.3	1030.1		1353845060.0	652.15	5966084629.0	1852.02	101.8	99.7	79.8	78.851	71.5	85.03	58.46	105.48				102.9	3.1	59.9	81.63	93.18
200806	242829.3	1046.0		1341702947.0	590.19	4665795082.0	1674.92	101.2	99.3	79.4	83.206	71.2	84.2	56.74	102.37				99.7	3.2	59.8	82.151	94.67
200807	244331.3	1012.2		1267339669.0	539.44	4763335992.0	1594.67	100.9	98.9	77.8	80.595	72.8	91.76	60.76	100.57				96.2	3.2	59.8	82.747	96.52
200808	247551.3	1089.0		1035551136.0	470.28	3833566918.0	1474.24	100.7	98.5	77.5	82.284	72.8	80.78	53.16	99.02				92.1	3.3	59.6	82.598	96.24
200809	232130.3	1207.0		1091054643.0	440.77	5556089457.0	1448.06	100.6	98.3	76.5	83.804	69.2	82.86	56.54	101.29				87.6	3.2	59.5	82.673	95.85
200810	232548.3	1291.0		874188166.0	308.03	5867955118.0	1113.06	100.3	97.9	79.1	86.435	68.6	80.76	57.45	103.14				83.0	3.3	59.5	82.598	95.59
200811	236630.3	1469.0		1017097375.0	307.48	5584304700.0	1076.07	99.6	97.4	70.1	93.479	62.7	61.14	47.37	106.2				79.1	3.4	59.5	82.375	93.37
200812	239290.3	1259.5		1231699935.0	332.05	5223060030.0	1124.47	98.5	97.2	62.7	95.217	59.9	54.19	45.29	110.51				76.6	3.4	59.3	82.375	91.8
200901	245358.3	1379.5		1299070147.0	364.9	4637338820.0	1162.11	97.7	97.0	62.8	91.28	52.6	45.73	39.44	112.92				76.0	3.3	59.1	82.45	91.54
200902	251250.3	1534.0		1704018022.0	363.21	4515043982.0	1063.03	97.6	97.5	68.7	83.711	59.5	51.85	45.36	111.55				77.4	3.3	58.9	83.045	92.16
200903	254695.3	1383.5		1648187431.0	421.44	4968139561.0	1206.26	97.6	97.9	70.5	80.276	56.6	58.49	51.8	112.37				80.6	3.6	58.7	83.64	92.59
200904	262680.3	1282.0		2910948455.0	500.98	7748810993.0	1369.36	97.8	99.1	73.2	75.654	57.9	62.35	55.38	113.21				85.2	3.7	58.7	83.862	92.7
200905	269125.3	1255.0		3139253838.0	528.8	7761258945.0	1395.89	97.8	99.7	73.3	73.485	60.9	59.31	51.51	115.39				90.4	3.9	58.5	83.862	91.99
200906	261998.3	1273.9		2148243372.0	485.15	5486029318.0	1390.07	98.4	100.5	75.9	70.238	64.0	65.4	55.78	113.92				95.7	3.9	59.0	83.788	91.75
200907	269507.3	1228.5		2013190211.0	504.35	5584893806.0	1557.29	98.6	100.6	76.9	68.821	61.7	69.75	58.59	110.42				100.6	3.8	58.7	84.086	92.8
200908	276447.3	1248.9		2528182515.0	514.7	6854850070.0	1591.85	98.7	100.8	76.5	70.705	61.0	64.78	54.03	111.0				104.8	3.8	58.8	84.384	93.33
200909	283594.3	1178.1		2398991989.0	505.94	7486380854.0	1673.14	98.9	101.0	79.6	69.411	71.9	74.78	61.15	109.08	104.0	89.0	102.0	108.3	3.7	58.9	84.459	93.42
200910	286727.3	1182.5		1755756353.0	486.46	5608220438.0	1580.69	99.1	101.5	78.2	69.359	65.4	74.32	60.87	108.91	110.0	92.0	106.0	110.8	3.6	58.8	84.235	92.67
200911	289277.3	1162.8		1619219735.0	464.32	4156400225.0	1555.6	99.2	102.1	78.9	69.036	71.1	74.57	60.68	107.12	105.0	88.0	103.0	112.6	3.7	58.7	84.384	92.99
200912	280853.3	1164.5		1997258357.0	513.57	4655864186.0	1682.77	99.1	102.4	79.4	68.869	72.3	78.8	63.41	105.31	101.0	88.0	105.0	113.9	3.6	58.5	84.682	93.46
201001	290314.3	1161.8		3240628832.0	496.57	6153237122.0	1602.43	99.3	102.6	79.7	73.819	73.4	70.94	56.0	108.03	114.0	90.0	108.0	114.7	4.6	58.3	85.351	93.87
201002	298510.4	1160.0		2268822492.0	507.03	4047188580.0	1594.58	99.8	102.4	80.0	75.74	78.5	69.42	54.66	106.7	119.0	94.0	113.0	115.3	4.0	58.4	85.523	94.03
201003	304790.4	1131.3		2289951309.0	515.74	4329068950.0	1692.85	100.2	102.1	80.8	73.656	79.5	83.67	65.52	108.51	124.0	100.0	123.0	115.6	3.7	58.6	85.696	94.47
201004	309688.4	1108.4		1858065078.0	523.75	5684745822.0	1741.56	100.4	101.9	81.0	73.55	78.6	86.26	66.57	107.41	115.0	95.0	121.0	115.9	3.6	59.0	86.041	95.16
201005	315045.0	1202.5		2101731079.0	489.42	6270911850.0	1641.25	100.8	102.0	80.6	72.576	71.8	84.86	65.63	104.81	121.0	104.0	122.0	116.1	3.2	59.2	86.128	95.96
201006	305320.0	1222.2		1659100995.0	489.98	5065175950.0	1698.29	100.9	102.0	80.7	71.786	78.7	87.66	68.67	104.1	116.0	97.0	113.0	116.2	3.5	59.1	86.041	96.07
201007	310402.6	1182.7		1515708187.0	481.45	5563520901.0	1759.33	101.1	101.9	80.9	72.313	78.4	88.53	70.02	104.75	119.0	96.0	115.0	116.1	3.8	59.2	86.214	96.31
201008	314242.1	1198.1		1487595265.0	464.71	5034247282.0	1742.75	100.7	101.7	78.9	73.059	84.0	83.64	66.57	104.4	114.0	97.0	111.0	115.9	3.5	59.0	86.647	96.6
201009	318488.6	1140.2		1504431130.0	492.75	6041004929.0	1872.81	100.3	101.4	79.2	74.152	83.8	85.49	67.96	102.48	124.0	95.0	112.0	115.4	3.8	58.8	87.337	97.16
201010	318671.7	1125.3		1856914300.0	526.45	6545581019.0	1882.95	99.8	100.9	80.4	74.576	83.6	94.69	74.94	101.62	116.0	94.0	105.0	114.9	3.7	58.9	87.337	97.52
201011	319852.7	1159.7		1866208153.0	498.39	6703180304.0	1904.63	99.9	100.9	80.6	73.175	80.6	93.09	72.87	100.54	110.0	93.0	107.0	114.2	3.3	58.8	86.906	97.85
201012	310076.7	1134.8		1565085131.0	510.69	5996517298.0	2051.0	100.2	100.7	82.4	74.277	81.9	96.64	75.03	99.55	113.0	91.0	110.0	113.4	3.7	59.0	87.251	98.76
201101	316940.7	1121.5		2287167872.0	521.38	7670743888.0	2069.73	100.9	101.1	84.0	69.959	81.7	92.72	71.79	97.4	110.0	92.0	110.0	112.6	3.5	58.5	88.288	100.28
201102	322820.7	1128.7		2059039222.0	504.46	6179024760.0	1939.3	100.7	101.1	81.0	72.186	77.8	84.29	63.87	97.42	110.0	90.0	105.0	111.7	3.7	59.0	88.892	101.03
201103	325535.7	1096.7		2080853440.0	525.42	6845384985.0	2106.7	100.9	101.1	82.2	73.061	83.2	104.67	77.3	96.27	119.0	90.0	113.0	111.0	3.8	59.2	89.238	102.24
201104	329402.8	1071.5		2104118212.0	511.0	9199004928.0	2192.36	100.4	100.9	80.6	74.966	80.4	103.84	75.37	95.16	118.0	90.0	106.0	110.3	3.5	59.3	89.325	102.87
201105	333299.8	1079.2		1265233637.0	484.54	7294221748.0	2142.47	100.9	100.8	80.6	75.578	83.3	103.59	75.91	91.08	115.0	96.0	110.0	109.7	3.2	59.5	89.497	103.18
201106	333725.4	1067.7		1215963681.0	479.55	6564420592.0	2100.69	101.0	100.7	81.5	77.042	83.2	104.71	77.2	91.94	118.0	95.0	107.0	109.1	3.3	59.6	89.67	102.95
201107	335627.4	1054.5		2105603372.0	536.05	6847705626.0	2133.21	101.0	100.6	80.4	76.743	81.1	106.28	78.49	92.2	114.0	92.0	106.0	108.4	3.4	59.4	90.102	103.09
201108	339241.4	1066.8		2598932249.0	493.44	8124718826.0	1880.11	101.2	100.4	79.1	77.187	88.6	101.95	75.62	91.39	110.0	89.0	102.0	107.8	3.2	59.5	90.707	103.22
201109	337865.9	1178.1		2190147049.0	449.66	6416028024.0	1769.65	100.8	100.1	79.7	78.428	82.3	106.52	79.55	91.41	102.0	86.0	107.0	107.1	3.3	58.8	90.62	103.3
201110	339640.9	1110.0		3039375573.0	490.69	6703428676.0	1909.03	101.0	100.0	80.8	79.934	81.1	104.04	79.0	90.51	105.0	87.0	102.0	106.3	3.2	59.5	90.448	103.2
201111	344302.9	1143.0		2811808552.0	492.81	5456312920.0	1847.51	100.7	99.8	79.9	82.106	80.4	104.06	79.74	91.39	107.0	84.0	98.0	105.6	3.3	59.4	90.534	102.87
201112	340060.8	1151.8		3158249206.0	500.18	4925847400.0	1825.74	100.6	99.7	77.9	84.891	83.5	105.5	82.11	89.7	99.0	84.0	97.0	104.9	3.2	59.4	90.879	102.97
201201	344399.2	1123.3		2797711797.0	513.99	5417135721.0	1955.79	100.2	99.8	79.8	78.652	86.0	91.7	70.75	91.03	100.0	81.0	97.0	104.2	3.2	59.2	91.242	103.5
201202	351078.4	1118.7		2990167531.0	542.3	6848263183.0	2030.25	100.7	100.2	82.8	78.807	98.5	102.5	78.1	91.3	99.0	82.0	96.0	103.7	3.4	59.4	91.588	104.21
201203	351254.6	1133.0		2250914119.0	519.56	5368063007.0	2014.04	100.5	100.4	80.0	81.555	80.6	105.97	80.19	90.11	106.0	84.0	97.0	103.1	3.3	59.6	91.614	104.73
201204	356131.1	1130.0		1950655035.0	478.89	4965044317.0	1981.99	100.6	100.5	80.4	80.628	82.3	101.47	77.18	88.28	106.0	84.0	100.0	102.3	3.3	59.7	91.605	104.78
201205	360899.2	1180.3		1605700528.0	471.94	4691140592.0	1843.47	100.6	100.2	80.2	79.382	79.1	104.77	81.34	88.36	107.0	89.0	99.0	101.3	3.1	60.0	91.769	104.19
201206	355997.6	1145.4		1707326000.0	489.16	4070644726.0	1854.01	100.6	100.3	79.0	78.935	75.7	105.11	83.3	89.67	106.0	88.0	97.0	100.1	3.2	59.8	91.639	102.93
201207	358444.0	1130.6		1734865758.0	467.61	4092987185.0	1881.99	100.8	100.0	77.6	78.624	79.9	104.08	82.41	93.49	98.0	80.0	93.0	98.7	3.1	59.8	91.432	102.48
201208	362723.0	1134.7		1843124564.0	508.35	4366251206.0	1905.12	100.2	99.7	73.7	83.689	74.2	98.72	77.42	93.42	100.0	70.0	89.0	97.4	3.2	59.6	91.855	103.11
201209	360425.4	1111.4		2680850257.0	523.78	5216919644.0	1996.21	100.1	99.4	76.1	79.315	81.1	107.32	83.8	91.49	98.0	73.0	91.0	96.2	3.2	59.7	92.512	103.47
201210	364166.4	1090.7		2504667291.0	508.31	4305597713.0	1912.06	99.8	99.3	78.0	79.847	78.5	108.29	84.69	90.3	89.0	68.0	88.0	95.3	3.1	59.7	92.339	102.67
201211	368640.9	1082.9		1882824174.0	499.37	4332995180.0	1932.9	100.0	99.3	78.6	82.864	72.3	110.6	87.14	91.18	91.0	70.0	85.0	94.7	3.2	59.5	92.011	101.96
201212	362893.4	1070.6		1598832596.0	496.32	4220279405.0	1997.05	100.1	99.4	78.2	85.172	75.6	102.99	81.24	92.18	91.0	67.0	86.0	94.5	3.1	59.3	92.175	101.71
201301	369712.3	1089.0		1823313383.0	503.67	4434353297.0	1961.94	100.1	99.4	80.9	84.407	79.0	104.6	81.81	92.95	95.0	70.0	83.0	94.6	3.1	59.3	92.728	101.87
201302	374755.5	1083.0		1867723706.0	535.87	3674863781.0	2026.49	100.1	99.4	77.6	83.685	75.7	97.15	75.63	93.05	87.0	73.0	85.0	94.8	3.2	59.1	93.038	102.57
201303	372549.6	1111.1		2204830078.0	555.02	3830684225.0	2004.89	99.8	99.4	76.9	84.822	75.8	107.8	84.37	92.15	91.0	73.0	93.0	95.3	3.1	59.4	92.952	102.16
201304	378140.8	1101.2		2496984425.0	563.87	4358558297.0	1963.95	99.8	99.4	77.1	83.403	76.2	106.82	84.54	93.07	102.0	76.0	89.0	95.7	3.0	59.8	92.823	101.84
201305	384545.7	1129.7		2292008805.0	577.87	4220941937.0	2001.05	99.7	99.5	76.4	82.534	76.9	111.53	88.45	94.27	96.0	77.0	92.0	96.3	3.0	59.8	92.823	101.49
201306	384261.3	1142.0		1737738338.0	519.06	4104743494.0	1863.32	100.0	99.6	76.4	81.498	76.5	103.11	81.57	95.13	99.0	79.0	92.0	96.8	3.1	59.9	92.71	101.48
201307	391135.5	1123.5		1638541086.0	554.31	3642652782.0	1914.03	99.9	99.8	74.2	84.304	81.8	105.72	83.71	95.45	99.0	79.0	94.0	97.4	3.2	59.9	92.909	101.46
201308	398546.6	1110.0		1907935784.0	516.74	3825979567.0	1926.36	99.9	99.8	75.6	82.075	84.0	104.56	82.96	94.92	99.0	75.0	90.0	98.0	3.2	59.9	93.238	101.74
201309	390613.6	1074.7		1593581073.0	534.89	4461010541.0	1996.96	99.7	99.7	73.5	87.081	76.5	102.72	81.18	94.17	100.0	77.0	86.0	98.6	3.0	60.1	93.419	101.63
201310	397966.3	1060.7		1689129690.0	532.44	4243697758.0	2030.09	100.0	99.7	76.8	85.45	90.7	115.57	91.39	93.78	97.0	79.0	88.0	99.1	3.1	60.2	93.134	101.27
201311	404693.4	1058.2		1419535778.0	517.06	3694007340.0	2044.87	100.0	99.8	76.7	87.779	80.4	110.98	87.96	94.17	100.0	78.0	89.0	99.5	3.1	60.2	93.116	101.07
201312	400693.0	1055.4		1143519088.0	499.99	3437431296.0	2011.34	100.2	99.9	77.3	88.318	78.6	107.33	84.86	94.4	100.0	75.0	89.0	99.9	3.2	60.1	93.229	101.3
201401	408154.1	1070.4		1655342282.0	515.2	3880111935.0	1941.15	100.4	99.8	78.7	85.919	79.6	104.12	82.81	92.82	97.0	75.0	90.0	100.0	3.1	60.4	93.73	101.57
201402	416899.2	1067.5		1651689554.0	528.96	3705431718.0	1979.99	100.4	99.8	77.7	86.855	86.0	99.33	79.04	93.73	102.0	76.0	92.0	100.0	3.6	60.6	93.98	101.7
201403	410462.7	1064.7		1933642243.0	541.58	3674999850.0	1985.61	100.6	99.7	78.5	87.136	81.6	112.33	89.63	93.38	101.0	80.0	98.0	99.9	3.4	60.4	94.153	101.66
201404	418665.3	1033.2		2069177583.0	559.34	3573378127.0	1961.79	100.4	99.6	78.6	88.45	85.1	115.24	92.24	93.62	101.0	79.0	100.0	99.7	3.6	60.7	94.214	101.5
201405	427553.5	1020.1		1869985642.0	546.53	3665502933.0	1994.96	100.1	99.5	74.9	88.06	82.4	107.79	86.13	93.82	99.0	79.0	100.0	99.5	3.5	60.3	94.369	101.49
201406	429213.7	1011.8		1433689721.0	537.06	3927661038.0	2002.21	100.0	99.5	76.7	86.818	77.6	105.38	83.95	93.88	103.0	80.0	97.0	99.3	3.5	60.3	94.248	101.53
201407	437511.2	1027.9		1968595855.0	536.32	4034403266.0	2076.12	100.0	99.4	77.4	87.878	84.5	112.49	89.3	93.66	97.0	78.0	96.0	99.2	3.5	60.5	94.386	101.61
201408	444633.2	1014.0		2191391800.0	570.2	4124629502.0	2068.54	100.1	99.5	73.6	87.638	75.6	104.32	82.86	94.14	95.0	75.0	90.0	99.1	3.6	60.7	94.551	101.5
201409	430743.2	1055.2		2322464113.0	573.22	4234643897.0	2020.09	99.8	99.6	73.8	89.732	83.8	108.08	86.5	94.84	94.0	77.0	89.0	99.2	3.5	60.6	94.49	101.14
201410	436841.2	1068.5		2311920148.0	558.7	4462668374.0	1964.43	99.4	99.7	73.9	90.279	84.5	115.17	93.83	95.01	93.0	79.0	100.0	99.2	3.6	60.5	94.205	100.43
201411	442578.2	1107.9		2067635157.0	545.08	4651545932.0	1980.78	99.2	99.8	74.7	87.791	88.4	107.37	89.07	97.04	93.0	72.0	93.0	99.2	3.5	60.6	94.015	100.12
201412	438254.8	1099.3		2121746610.0	542.97	3891322356.0	1915.59	99.5	99.8	76.3	85.92	90.0	111.5	95.47	98.04	93.0	75.0	93.0	99.3	3.6	60.4	94.006	99.14
201501	447193.8	1093.5		2766279750.0	591.58	4409964464.0	1949.26	99.5	100.1	75.0	87.258	90.3	99.42	87.5	100.8	93.0	75.0	93.0	99.3	3.4	60.6	94.643	97.92
201502	454559.8	1098.4		2986631997.0	624.56	4522664471.0	1985.8	99.8	100.2	76.0	87.309	90.0	87.92	77.35	105.41	92.0	74.0	90.0	99.3	3.7	60.7	94.587	97.99
201503	454303.8	1109.5		3028530692.0	650.49	5057306065.0	2041.03	99.4	100.4	74.2	89.763	89.3	105.55	93.39	103.89	102.0	79.0	96.0	99.1	3.5	60.4	94.596	97.87
201504	461502.8	1072.4		4286193709.0	689.01	6586617195.0	2127.17	99.3	100.5	74.7	90.044	88.0	105.32	93.18	104.61	98.0	80.0	97.0	98.9	3.6	60.4	94.625	97.84
201505	468665.8	1108.2		3949165542.0	711.39	5881450785.0	2114.8	98.8	100.6	72.6	91.308	82.7	97.74	85.87	105.79	105.0	82.0	100.0	98.4	3.7	60.4	94.89	97.9
201506	466781.9	1115.5		4186373837.0	742.27	5950962848.0	2074.2	98.7	100.5	74.3	93.123	87.8	102.84	90.74	105.1	90.0	79.0	95.0	98.0	3.8	60.3	94.909	97.85
201507	474643.9	1170.0		4385049377.0	725.06	6791213838.0	2030.16	98.6	100.3	73.3	93.682	91.3	102.62	92.27	104.71	94.0	72.0	90.0	97.6	3.7	60.5	95.08	97.5
201508	483590.9	1182.5		3218647216.0	687.11	5797346391.0	1941.49	99.1	100.3	75.1	91.003	87.5	91.2	84.05	104.99	81.0	74.0	88.0	97.3	3.7	60.5	95.213	96.89
201509	474515.8	1185.3		3187283751.0	678.48	4935387824.0	1962.81	99.7	100.4	76.3	91.837	93.4	99.41	92.95	106.64	86.0	76.0	91.0	96.9	3.5	60.6	94.966	96.47
201510	482217.8	1140.1		3345957955.0	683.63	5310820649.0	2029.47	100.2	100.4	75.1	90.43	93.9	101.64	95.9	106.59	86.0	76.0	88.0	96.5	3.5	60.6	94.966	95.81
201511	490065.8	1158.1		3557745783.0	688.38	4727425460.0	1991.97	100.0	100.2	74.8	90.815	85.6	93.83	89.52	105.87	86.0	75.0	90.0	96.0	3.6	60.5	94.786	95.43
201512	485103.8	1172.5		3183618927.0	682.35	3958380839.0	1961.31	99.9	99.8	74.0	91.393	89.3	96.93	94.19	105.73	84.0	73.0	87.0	95.4	3.5	60.8	95.07	95.21
201601	493417.8	1199.1		3533084276.0	682.8	4774157000.0	1912.06	99.6	99.5	73.7	95.346	85.4	81.45	80.85	106.24	82.0	71.0	87.0	94.9	3.4	60.7	95.232	94.69
201602	501781.8	1236.7		3160065772.0	651.62	4603289877.0	1916.66	99.5	99.1	74.7	95.268	85.8	80.77	80.93	108.73	86.0	69.0	91.0	94.6	4.0	60.5	95.64	94.69
201603	501170.9	1143.5		3098635127.0	688.38	4431027742.0	1995.85	99.3	99.2	74.5	94.478	86.6	96.71	95.97	109.58	84.0	70.0	89.0	94.5	3.8	60.3	95.393	94.63
201604	509144.9	1139.3		3441537825.0	699.77	4704666120.0	1994.15	99.2	99.2	73.4	93.446	86.2	91.21	90.1	107.63	86.0	71.0	87.0	94.7	3.6	60.3	95.573	94.87
201605	518369.9	1191.7		3497940022.0	698.45	5036096690.0	1983.4	99.5	99.3	75.3	91.681	87.3	92.34	90.67	106.94	93.0	77.0	91.0	95.0	3.6	60.4	95.63	94.98
201606	516516.9	1151.8		3918909402.0	675.09	5199451339.0	1970.35	99.7	99.3	74.5	91.677	93.2	95.91	93.93	105.96	84.0	78.0	93.0	95.5	3.5	60.5	95.611	95.21
201607	524353.9	1120.2		4079761432.0	706.24	4222549228.0	2016.19	99.9	99.3	73.9	91.226	86.9	94.62	92.67	105.18	83.0	71.0	89.0	96.0	3.6	60.5	95.431	95.1
201608	533949.9	1114.8		3495947754.0	663.69	4374241814.0	2034.65	100.1	99.5	72.0	90.824	94.3	89.97	87.26	106.37	85.0	74.0	88.0	96.5	4.0	60.8	95.677	95.19
201609	517267.2	1101.3		3553091763.0	681.21	4546266879.0	2043.63	99.9	99.7	72.5	91.207	92.1	94.3	90.36	106.95	90.0	76.0	92.0	96.8	4.0	60.6	96.247	95.41
201610	522462.2	1144.5		3047514850.0	624.68	4483217813.0	2008.19	99.8	99.9	71.4	90.078	92.6	96.5	90.67	108.48	84.0	78.0	85.0	97.1	3.8	60.6	96.379	95.69
201611	527892.2	1169.1		2928485636.0	596.11	4458141582.0	1983.48	100.1	100.1	75.0	86.248	96.2	101.58	95.08	106.44	85.0	74.0	87.0	97.3	3.6	60.7	96.237	96.12
201612	516908.2	1207.7		2982934805.0	631.44	3514792112.0	2026.46	100.3	100.3	73.0	84.972	98.8	104.74	96.75	108.21	84.0	74.0	87.0	97.5	3.4	60.9	96.342	96.96
201701	526194.2	1162.1		2808537715.0	616.13	4111711456.0	2067.57	100.6	100.5	76.1	83.943	95.0	93.07	85.44	105.38	93.0	76.0	89.0	97.9	3.4	60.7	97.366	98.37
201702	534937.2	1130.7		2811414690.0	612.2	4484081409.0	2091.64	100.7	100.7	74.3	88.24	100.4	98.64	88.82	105.67	93.0	77.0	93.0	98.2	4.0	60.8	97.632	98.75
201703	533303.2	1118.4		3032263614.0	619.28	5025620056.0	2160.23	100.8	100.9	75.3	86.743	104.4	111.45	100.29	104.71	99.0	82.0	95.0	98.7	3.7	60.9	97.565	98.71
201704	543698.2	1137.9		3468371687.0	628.24	4598756062.0	2205.44	100.9	101.2	73.6	88.839	102.1	105.41	94.1	106.67	94.0	87.0	105.0	99.2	3.9	60.8	97.442	98.5
201705	553278.2	1119.5		2905890950.0	652.04	6208858815.0	2347.38	101.0	101.3	73.7	91.777	105.5	102.57	91.92	105.65	105.0	85.0	101.0	99.7	3.4	60.8	97.546	98.23
201706	552288.2	1144.1		3261345774.0	669.04	6132872171.0	2391.79	101.0	101.5	72.5	89.855	109.1	106.43	96.13	105.74	105.0	88.0	99.0	100.3	3.7	60.7	97.338	97.85
201707	557799.2	1119.0		2932547522.0	650.47	5310060453.0	2402.71	100.9	101.6	73.4	90.061	105.8	103.24	92.77	108.12	93.0	80.0	102.0	100.8	3.5	60.8	97.499	97.92
201708	564414.2	1127.8		2688201669.0	657.83	4939218218.0	2363.19	101.0	101.8	73.1	89.187	105.7	106.1	94.74	108.59	100.0	81.0	93.0	101.2	4.0	60.8	98.058	98.37
201709	549308.2	1145.4		3526779040.0	652.82	5271438963.0	2394.47	101.3	101.8	73.3	88.836	113.3	122.38	108.09	107.83	99.0	84.0	101.0	101.6	3.7	60.9	98.172	99.03
201710	551106.2	1120.4		3849596677.0	694.2	6202413717.0	2523.43	101.1	101.8	74.1	90.621	93.5	101.51	88.89	106.94	98.0	85.0	90.0	101.8	3.7	60.9	98.077	99.14
201711	557112.2	1088.2		6473765482.0	771.42	6269779569.0	2476.37	101.3	101.6	73.4	89.342	103.8	119.11	103.42	106.68	105.0	81.0	97.0	101.9	3.7	60.8	97.347	99.04
201712	546715.2	1070.5		6596306695.0	798.42	5520971869.0	2467.49	100.7	101.4	70.7	96.378	106.3	113.47	98.34	104.45	97.0	87.0	94.0	101.7	3.5	61.1	97.698	99.09
201801	555292.2	1067.9		8668056279.0	913.57	7142576637.0	2566.46	100.9	101.5	73.7	93.425	114.4	114.23	97.99	104.21	109.0	82.0	98.0	101.3	3.3	61.1	98.106	99.5
201802	563695.2	1082.8		6162606238.0	857.06	6886748271.0	2427.36	101.0	101.4	73.9	94.3	113.5	102.48	87.86	101.98	102.0	81.0	98.0	100.8	3.8	60.6	98.855	99.92
201803	568774.2	1063.5		5511106423.0	871.09	6883677907.0	2445.85	100.9	101.4	72.8	97.58	107.5	120.21	103.07	102.59	93.0	85.0	93.0	100.2	4.0	60.8	98.751	99.88
201804	577950.2	1068.0		6483641674.0	875.95	7812027052.0	2515.38	100.8	101.1	74.7	95.38	103.3	116.91	99.72	103.1	84.0	85.0	88.0	99.7	3.8	60.8	98.931	100.01
201805	590713.2	1077.7		5938411079.0	879.66	9053263214.0	2423.01	100.7	101.1	75.5	92.166	101.0	121.64	102.78	101.28	92.0	87.0	92.0	99.2	3.8	60.6	98.979	100.3
201806	589426.2	1114.5		4899529984.0	818.22	7546209202.0	2326.13	100.7	101.0	74.4	95.248	96.2	121.05	102.81	99.0	100.0	89.0	93.0	98.7	3.6	60.7	98.779	100.33
201807	597937.2	1118.7		3444042057.0	775.52	5510769121.0	2295.26	100.6	100.9	74.4	94.641	96.2	120.82	102.55	99.33	95.0	81.0	96.0	98.2	3.8	60.6	98.59	100.8
201808	602560.2	1112.9		3537042718.0	816.97	5226406640.0	2322.88	100.5	100.5	74.7	92.193	96.0	122.18	103.72	99.73	98.0	79.0	89.0	97.8	4.6	60.4	99.462	101.25
201809	579104.0	1109.3		4708190054.0	822.27	6069409401.0	2343.07	100.2	100.3	73.1	93.743	93.1	119.68	101.3	100.32	103.0	82.0	90.0	97.3	4.1	60.6	100.221	101.54
201810	583313.0	1139.6		3463212404.0	648.67	6101581920.0	2029.69	100.1	100.1	74.9	92.672	97.8	129.67	109.95	98.65	94.0	79.0	89.0	96.9	4.0	60.7	100.041	101.19
201811	583311.0	1121.2		3131747838.0	695.76	5292702019.0	2096.86	100.0	99.7	73.3	97.33	92.8	120.19	104.09	95.88	96.0	78.0	87.0	96.5	3.8	60.9	99.33	100.49
201812	567044.0	1115.7		3222944963.0	675.65	5249589178.0	2041.04	99.8	99.4	71.9	102.963	90.1	109.28	97.01	98.18	91.0	76.0	91.0	96.1	3.6	60.8	98.988	100.0
201901	579016.0	1112.7		3733430725.0	716.86	5603161406.0	2204.85	100.0	99.3	73.2	96.463	96.9	108.17	97.87	99.14	94.0	74.0	89.0	95.8	3.9	60.8	98.884	99.89
201902	584671.0	1124.7		3984754977.0	731.25	5618904451.0	2195.44	99.4	99.1	70.0	100.161	85.9	93.06	84.33	99.26	95.0	71.0	86.0	95.7	3.9	60.8	99.311	99.99
201903	584006.0	1135.1		4465254100.0	729.31	4921997259.0	2140.67	99.3	99.2	71.7	97.078	91.1	109.55	99.53	97.39	84.0	80.0	91.0	95.5	3.8	60.9	99.121	100.34
201904	591668.0	1168.2		4250137175.0	754.74	5378292213.0	2203.59	99.1	99.2	73.6	99.049	98.6	111.99	101.89	96.72	81.0	77.0	90.0	95.3	4.1	60.7	99.481	100.63
201905	600687.0	1190.9		4330151822.0	696.47	5382849069.0	2041.74	99.5	99.0	72.9	100.343	94.2	108.19	99.23	95.16	85.0	74.0	95.0	95.2	3.8	60.8	99.652	100.74
201906	599552.0	1154.7		4299245726.0	690.53	4600446734.0	2130.62	99.5	98.7	72.7	99.476	90.1	102.12	95.23	94.39	89.0	71.0	88.0	95.0	3.9	60.8	99.491	100.46
201907	607631.0	1183.1		4164650140.0	630.18	4429029428.0	2024.55	99.5	98.4	75.6	100.035	94.7	108.6	101.95	96.49	77.0	71.0	88.0	94.8	4.0	60.8	99.187	100.46
201908	613509.0	1211.2		3993774982.0	610.55	4662803372.0	1967.79	99.7	98.3	73.3	96.535	95.3	102.84	97.58	95.13	77.0	71.0	83.0	94.5	3.6	61.0	99.425	100.69
201909	607015.0	1196.2		3977294844.0	621.76	4520648433.0	2063.05	99.8	98.4	75.2	98.551	93.0	104.26	99.05	96.33	82.0	76.0	83.0	93.9	3.6	61.0	99.794	100.75
201910	614467.0	1163.4		5334850305.0	658.52	4421096325.0	2083.48	99.8	98.7	74.2	97.699	96.6	109.34	104.79	95.36	84.0	72.0	88.0	93.0	3.5	61.1	100.041	100.51
201911	618913.0	1181.2		5028634829.0	632.99	5317097831.0	2087.96	99.7	98.9	72.7	99.054	95.0	105.2	101.45	95.5	84.0	74.0	86.0	91.3	3.6	61.1	99.481	100.37
201912	611533.0	1156.4		4097961021.0	669.83	5065497517.0	2197.67	100.1	99.2	74.4	94.49	99.4	108.23	104.47	95.5	84.0	74.0	88.0	88.9	3.5	61.5	99.719	100.65
202001	623544.0	1191.8		5446726228.0	642.48	6434673036.0	2119.01	100.3	99.3	73.4	101.0	90.7	97.78	94.82	94.18	79.0	77.0	87.0	85.7	3.5	61.7	100.09	101.02
202002	636336.0	1213.7		6592052707.0	610.73	7582885795.0	1987.01	99.6	99.3	69.6	106.2	99.9	96.15	93.99	93.36	93.0	76.0	88.0	81.9	3.4	61.5	100.16	100.69
202003	645928.0	1217.4		8395579260.0	569.07	10096721372.0	1754.64	98.4	98.9	73.2	98.2	100.0	108.98	109.44	94.42	87.0	71.0	82.0	78.1	3.8	60.0	99.94	99.8
202004	663871.0	1218.2		9977487779.0	645.18	10802955492.0	1947.56	97.3	98.6	69.9	105.0	100.2	85.86	88.44	99.56	70.0	48.0	60.0	75.2	3.9	59.3	99.5	98.93
202005	674636.1	1238.5		10266231605.0	713.68	9957334428.0	2029.6	96.3	98.2	63.5	114.7	96.4	81.1	84.51	104.66	57.0	47.0	55.0	73.7	4.3	59.5	99.44	98.96
202006	679020.1	1203.0		10955733761.0	737.97	13074635374.0	2108.33	96.4	98.5	68.2	105.3	100.8	91.64	93.89	103.2	52.0	51.0	51.0	73.9	4.2	59.7	99.71	99.47
202007	691892.1	1191.3		10824312834.0	815.3	13033438296.0	2249.37	96.6	98.8	70.1	102.6	103.0	99.41	100.98	101.02	57.0	55.0	59.0	75.4	4.2	59.8	99.63	99.69
202008	704673.1	1187.8		14806172366.0	848.24	16197444324.0	2326.17	97.0	99.4	70.3	103.2	96.4	93.29	93.99	101.53	81.0	59.0	69.0	77.9	3.7	60.0	100.19	100.18
202009	707681.1	1169.5		14276170313.0	848.15	14195647235.0	2327.89	97.6	99.7	73.7	96.0	113.9	112.33	112.43	101.79	74.0	66.0	72.0	80.9	4.1	59.8	100.74	100.38
202010	721585.1	1135.1		10184119987.0	792.65	10847026941.0	2267.15	97.9	100.0	73.6	93.5	94.9	105.56	104.99	102.67	78.0	64.0	75.0	84.2	4.2	59.9	100.18	99.98
202011	734881.1	1106.5		12309366858.0	886.11	15249273649.0	2591.34	98.5	100.5	73.7	93.0	98.5	109.25	107.15	103.05	91.0	72.0	85.0	87.6	4.1	60.2	100.09	100.06
202012	726766.1	1086.3		15437948552.0	968.42	18199005254.0	2873.47	98.4	100.8	74.0	94.3	105.4	118.65	113.85	102.71	81.0	70.0	88.0	90.9	4.2	59.8	100.33	100.84
202101	741793.1	1118.8		15618644360.0	928.73	26477822193.0	2976.21	98.1	101.2	73.6	94.6	111.7	108.86	102.34	100.69	93.0	71.0	84.0	94.0	4.7	59.1	101.04	101.96
202102	758006.1	1123.5		13273780925.0	913.94	19095421884.0	3012.95	98.2	101.5	75.7	93.4	106.8	105.87	97.56	99.42	108.0	76.0	98.0	97.0	4.1	59.9	101.58	102.8
202103	769339.1	1131.8		11045720765.0	956.17	15133624634.0	3061.42	98.6	101.9	74.7	93.1	109.1	125.1	113.14	97.77	110.0	78.0	106.0	99.7	3.9	60.3	101.84	103.89
202104	786706.1	1112.3		12453312213.0	983.45	15736822410.0	3147.86	99.4	102.3	73.6	92.6	118.2	121.87	106.35	98.96	123.0	86.0	108.0	102.0	3.8	60.4	101.98	104.88
202105	806153.1	1110.9		9409770735.0	981.78	15976395846.0	3203.92	99.6	102.7	72.9	93.8	107.4	120.86	103.78	100.19	128.0	90.0	111.0	103.8	3.8	60.4	102.05	105.45
202106	807725.1	1126.1		10449704085.0	1029.96	16947706695.0	3296.68	99.6	103.0	73.6	92.5	114.8	128.8	108.56	99.33	130.0	91.0	107.0	105.2	3.7	60.6	102.05	106.01
202107	819921.1	1150.3		12523526729.0	1031.14	13814302198.0	3202.32	99.6	102.9	75.4	93.8	118.6	130.69	108.37	97.77	123.0	93.0	106.0	106.2	3.3	60.6	102.26	107.04
202108	835510.1	1159.5		11931408443.0	1038.33	15521821110.0	3199.27	99.5	102.7	75.1	99.6	109.8	126.02	104.43	96.5	119.0	87.0	100.0	106.9	3.2	60.7	102.75	107.6
202109	831745.1	1184.0		10887622991.0	1003.27	14061364479.0	3068.82	99.6	102.3	74.8	102.2	104.3	133.18	109.73	97.24	121.0	91.0	105.0	107.3	3.1	60.9	103.17	108.0
202110	840936.1	1168.6		10926637040.0	992.33	11753813928.0	2970.68	99.7	101.9	75.1	102.6	98.9	132.29	108.03	96.1	120.0	90.0	103.0	107.6	3.2	60.9	103.35	109.12
202111	849977.1	1187.9		12599877645.0	965.63	11717785820.0	2839.01	100.0	101.5	76.2	101.3	109.5	138.64	113.23	92.75	120.0	87.0	103.0	107.6	3.1	61.0	103.87	109.9
202112	843660.1	1188.8		11222767614.0	1033.98	9919548905.0	2977.65	100.7	101.4	79.4	102.3	111.1	144.75	119.29	92.05	123.0	85.0	103.0	107.4	3.5	61.2	104.04	109.88
202201	857891.1	1205.5		9368232570.0	872.87	11282725350.0	2663.34	101.2	101.5	80.0	99.2	116.1	133.66	110.81	93.69	115.0	82.0	102.0	107.0	3.3	61.3	104.85	111.04
202202	872635.2	1202.3		7709877157.0	881.07	10950191761.0	2699.18	101.2	101.3	77.6	102.8	107.2	127.41	104.07	91.98	112.0	84.0	101.0	106.3	2.8	62.0	105.42	111.57
202203	884103.2	1212.1		8807031471.0	944.53	11079648342.0	2757.65	101.0	101.1	78.3	100.5	104.5	152.14	119.92	91.76	115.0	89.0	98.0	105.5	2.8	61.8	106.1	113.27
202204	904252.2	1255.9		7690923009.0	904.75	10866695631.0	2695.05	100.7	101.0	76.3	102.1	103.8	139.04	108.06	88.44	104.0	82.0	92.0	104.4	2.8	62.0	106.83	115.1
202205	925422.2	1237.2		7306915625.0	893.36	9558870835.0	2685.9	100.9	101.2	74.7	101.3	114.2	145.18	112.0	89.98	107.0	88.0	96.0	103.2	2.9	62.2	107.5	115.92
202206	914182.8	1298.4		7315555026.0	745.44	8909180224.0	2332.64	101.0	101.2	76.2	110.0	112.7	137.94	105.95	89.42	118.0	88.0	104.0	101.8	2.9	62.1	108.21	116.57
202207	923610.9	1299.1		6069721552.0	803.62	7246269183.0	2451.5	101.2	100.9	75.4	109.5	115.1	140.66	111.64	86.82	104.0	81.0	98.0	100.4	3.0	62.2	108.73	116.9
202208	936371.1	1337.6		6474280629.0	807.04	7789312251.0	2472.05	101.6	100.8	72.8	108.0	122.9	135.14	110.25	88.12	111.0	79.0	100.0	98.9	2.6	62.3	108.63	116.45
202209	933073.5	1430.2		6196383743.0	672.65	7695649651.0	2155.49	101.6	100.7	72.7	107.6	112.6	136.49	114.1	87.6	102.0	75.0	94.0	97.5	2.8	62.2	108.82	116.53
202210	940725.4	1424.3		5303791775.0	695.33	7586422055.0	2293.61	101.5	100.7	70.8	109.2	122.1	123.64	104.68	88.89	84.0	73.0	92.0	96.2	2.8	62.2	109.16	117.13
202211	950014.4	1318.8		5592436675.0	729.54	8743686438.0	2472.53	101.1	100.3	71.0	115.8	117.8	122.79	106.08	88.09	80.0	73.0	97.0	95.1	2.8	62.2	109.07	116.75
202212	937507.4	1264.5		5122123780.0	679.29	6645815217.0	2236.4	100.5	99.9	68.5	117.8	115.8	127.09	111.74	87.46	78.0	71.0	82.0	94.1	3.0	62.2	109.26	116.27
202301	950169.1	1231.9		6173064753.0	740.49	6968211605.0	2425.08	100.0	99.5	71.4	119.6	100.3	109.39	96.62	88.72	80.0	69.0	93.0	93.5	2.9	62.1	110.07	116.69
202302	964057.3	1322.6		9629796297.0	791.6	8018755474.0	2412.85	100.2	99.2	69.1	118.9	114.6	118.24	104.97	87.73	71.0	69.0	90.0	93.1	2.6	62.5	110.33	116.91
202303	958061.9	1301.9		12738185131.0	847.52	8934824146.0	2476.86	100.6	99.1	72.3	113.4	108.7	131.25	116.69	87.05	76.0	70.0	82.0	92.9	2.6	62.7	110.52	117.05
202304	975632.2	1337.7		13814473254.0	842.83	12590473590.0	2501.53	100.8	98.9	71.2	124.5	108.3	116.47	104.27	87.96	77.0	73.0	73.0	93.0	2.6	62.6	110.77	116.96
202305	997230.6	1327.2		8909873439.0	856.94	9133884639.0	2577.12	100.9	99.0	73.5	118.5	107.8	123.81	111.96	87.27	80.0	74.0	90.0	93.1	2.5	62.8	111.13	116.53
202306	993163.4	1317.7		9093877497.0	868.24	10029634059.0	2564.28	100.9	99.4	71.9	110.5	112.3	125.27	114.35	89.22	74.0	72.0	81.0	93.2	2.6	62.7	111.16	116.27
202307	1003676.4	1274.6		12827217702.0	935.97	14190170134.0	2632.58	100.7	99.7	70.5	119.0	101.9	118.78	108.35	90.85	70.0	70.0	82.0	93.3	2.8	62.5	111.29	116.53
202308	1018233.4	1321.8		12122407441.0	928.4	10825608165.0	2556.27	100.6	99.8	73.0	119.2	103.4	122.63	110.4	91.48	77.0	71.0	83.0	93.4	2.5	62.6	112.28	117.5
202309	1004398.4	1349.3		10740691977.0	841.02	8337975018.0	2465.07	100.5	99.8	73.9	113.5	110.6	129.76	115.68	91.11	70.0	69.0	74.0	93.4	2.7	62.7	112.85	118.03
202310	1012456.9	1350.5		6581818688.0	736.1	8386827227.0	2277.99	100.6	100.0	73.2	115.3	108.1	126.28	112.56	89.48	66.0	72.0	74.0	93.3	2.5	62.7	113.27	117.86
202311	1017147.4	1290.0		7597110135.0	831.68	8220679834.0	2535.29	100.7	100.1	73.2	112.7	108.7	131.52	118.45	88.92	77.0	64.0	81.0	93.3	2.8	62.6	112.68	117.41
202312	998003.4	1288.0		9575284011.0	866.57	9287409749.0	2655.28	100.5	100.3	71.7	107.1	110.1	131.17	119.06	89.03	88.0	67.0	76.0	93.4	3.2	62.6	112.73	117.56
202401	1013714.4	1334.6		10496127343.0	799.24	8874860767.0	2497.09	100.6	100.4	72.3	112.3	103.6	126.58	113.46	90.95	89.0	72.0	90.0	93.4	2.9	62.8	113.17	118.19
202402	1026948.4	1331.5		11080264096.0	862.96	11334298910.0	2642.36	100.6	100.5	73.5	110.7	112.8	122.48	108.92	91.34	88.0	70.0	82.0	93.5	2.7	62.9	113.78	118.55
202403	1019995.4	1347.2		11192432513.0	905.5	11547595369.0	2746.63	100.4	100.4	71.5	110.3	105.9	132.73	117.14	91.8	92.0	69.0	82.0	93.5	2.8	62.8	113.95	118.82
202404	1039190.5	1382.0		8962664956.0	868.93	11158897141.0	2692.06	100.3	100.6	73.7	108.4	108.0	131.47	114.05	92.66	93.0	71.0	78.0	93.6	2.8	62.9	114.01	119.16
202405	1053255.5	1384.5		9258637545.0	839.98	11750739427.0	2636.52	100.0	100.7	72.9	109.9	103.3	136.08	118.56	91.35	101.0	73.0	94.0	93.6	2.8	62.7	114.1	119.25
202406	1052919.5	1376.7		8792247381.0	840.44	12965000880.0	2797.82	99.9	100.8	73.5	106.7	106.5	135.16	117.9	92.09	93.0	73.0	87.0	93.5	2.8	62.7	113.84	119.23
202407	1066233.5	1376.5		7437685567.0	803.15	12033673147.0	2770.69	99.5	100.8	70.8	113.1	122.1	136.35	118.18	93.0	88.0	74.0	89.0	93.3	2.6	62.6	114.13	119.56
202408	1074579.5	1336.0		7549513692.0	767.66	10645586185.0	2674.31	99.4	100.7	73.5	109.3	110.9	132.3	115.69	91.83	100.0	74.0	91.0	92.9	2.5	62.7	114.54	119.38
202409	1054687.5	1307.8		6327299152.0	763.88	10343202267.0	2593.27	99.5	100.7	73.3	106.6	117.2	135.66	119.92	92.35	99.0	71.0	94.0	92.3	2.5	62.8	114.65	119.16
202410	1062174.5	1379.9		6079841438.0	743.06	9706859692.0	2556.15	99.7	100.7	73.1	111.0	113.2	133.9	119.0	92.96	95.0	70.0	89.0	91.6	2.7	62.7	114.69	119.01
202411	1066484.5	1394.7		6970264592.0	678.19	9921373046.0	2455.91	99.4	100.7	71.1	113.6	111.3	131.0	116.72	92.84	94.0	71.0	85.0	90.7	2.7	62.6	114.4	119.1
202412	1047136.5	1472.5		6543837674.0	678.19	8735347388.0	2399.49	99.3	100.5	73.2	103.5	119.3	141.3	126.83	93.25	103.0	67.0	85.0	90.0	3.7	62.3	114.91	119.52
202501	1063794.5	1452.7		6938929960.0	728.29	9617794267.0	2517.37	98.9	100.2	73.4	110.5	98.8	112.8	101.44	93.89	91.0	65.0	84.0	89.4	2.9	62.9	115.71	120.27
202502	1085400.5	1463.4		8958801853.0	743.96	12219407363.0	2532.78	99.1	100.3	72.7	106.7	119.8	123.73	111.74	92.26	91.0	65.0	76.0	89.2	2.7	63.0	116.08	120.33
202503	1079741.5	1472.9		6486052261.0	672.85	10687312074.0	2481.12	99.3	100.5	74.5	103.2	119.2	133.8	120.94	92.61	93.0	64.0	89.0	89.2	2.9	63.0	116.29	120.36
202504	1107743.5	1421.0		6312898844.0	717.24	7911381046.0	2556.61	99.5	100.8	73.8	102.2	118.5	135.61	123.05	93.65	86.0	66.0	85.0	89.5	2.7	63.1	116.38	120.14
202505	1118647.5	1380.1		6417071243.0	734.35	8930710841.0	2697.67	99.1	100.8	71.3	104.5	112.0	133.4	121.31	94.54	95.0	63.0	88.0	90.0	2.7	62.9	116.27	119.64
202506	1117685.4	1350.0		7158802213.0	781.5	15199792508.0	3071.7	99.1	101.0	72.5	102.5	107.2	138.96	125.88	95.77	97.0	71.0	86.0	90.7	2.6	62.8	116.31	119.77
202507	1136544.0	1387.0		5905898688.0	805.24	12959761958.0	3245.44	99.0	101.6	72.5	101.9	115.3	142.23	128.02	94.74	83.0	71.0	88.0	91.4	2.5	62.8	116.52	120.19
202508	1154025.4	1390.1		5033411775.0	796.91	10392976989.0	3186.01	99.2	102.1	74.7	100.1	113.8	134.92	121.96	94.35	83.0	67.0	81.0	92.1	2.6	62.8	116.45	120.11
202509	1154961.4	1402.9		7691339114.0	841.99	11554245029.0	3424.6	99.4	102.2	73.6	105.4	128.0	151.94	137.25	95.3	86.0	73.0	87.0	92.8	2.5	63.1	117.06	120.54
202510	1166783.4	1424.4		8884789881.0	900.42	18083811492.0	4107.5	99.0	102.2	70.8	106.0	110.0	133.05	117.75	96.54	85.0	69.0	83.0	93.5	2.6	62.8	117.42	120.94
202511	1178877.4	1470.6		9479499317.0	912.67	17433431315.0	3926.59	98.6	102.5	70.9	104.9	111.7	142.9	125.01	98.24	88.0	73.0	86.0	94.2	2.7	62.8	117.2	121.31
202512		1439.0											162.25	141.88	98.3	94.0	73.0	84.0	94.9	4.0	62.4	117.57	
202601																93.0	71.0	88.0					
