	A091170	A091180	A099140	A102970	A132030	A133690	A139220	A139230	A139260	A139280	A139290	A143860	A147970	A148070	A157490	A182480	A185680	A195970	A195980	A200030	A203780	A218420	A227550	A228790	A228800	A232080	A245710	A251350	A256440	A266410	A273130	A276000	A276970	A276990	A278530	A280930	A283580	A294400	A304660	A304940	A305080	A305540	A305720	A308620	A309230	A329200	A329750	A332620	A352560	A357870	A360750	A371160	A371470	A379800	A379810	A385510	A385560	A390390	A394660	A394670	A396500	A396510	A399580	A402970	A409810	A411060	A414270	A414780	A418670	A419420	A419430	A426020	A426030	A430500	A434060	A437080	A438330	A446720	A446770	A448290	A448300	A449450	A452360	A453630	A453640	A453650	A453660	A453850	A453870	A455030	A455660	A455890	A456610	A456880	A458730	A458760	A459580	A461490	A463640	A463680	A463690	A464470	A464930	A468370	A468380	A473330	A474220	A476760	A477080
2020-12-30	4862.0	17357.0	18598.0	6058.0	12861.0	61180.0	2304.0	2805.0	33979.0	12133.0	14696.0	54034.0	18957.0	109696.0	14280.0	10052.0	34195.0	11371.0	12274.0	16700.0	19077.0	4880.0	4901.0	3414.0	4136.0	15338.0	14588.0	15544.0	8669.0	8693.0	108263.0	11391.0	7064.0	15785.0	12690.0	12775.0	12712.0	46075.0	13260.0	16272.0	11409.0	14399.0	15380.0	11223.0	13230.0	3527.0	8781.0	96203.0	9874.0	50112.0	9623.0	9976.0	11146.0																																																								
2021-01-29	4582.0	20974.0	20321.0	6115.0	12557.0	63467.0	2444.0	2583.0	37264.0	11531.0	16602.0	47812.0	19726.0	109647.0	15666.0	10234.0	36740.0	11236.0	12904.0	17060.0	20140.0	5225.0	5280.0	3498.0	4238.0	14300.0	14857.0	15842.0	8530.0	8726.0	108194.0	11756.0	7060.0	17380.0	13220.0	13503.0	13664.0	48085.0	12915.0	16411.0	11688.0	17092.0	18722.0	11445.0	13581.0	3502.0	9046.0	95964.0	10141.0	50137.0	9920.0	11537.0	12268.0																																																								
2021-02-26	4963.0	20541.0	20594.0	6135.0	11965.0	62569.0	2554.0	2725.0	37302.0	11187.0	16430.0	43987.0	20318.0	108067.0	16335.0	10809.0	35630.0	11516.0	12944.0	18005.0	19976.0	6465.0	5591.0	3576.0	4646.0	13555.0	16199.0	16464.0	8645.0	8995.0	107573.0	12944.0	7309.0	17465.0	13425.0	14171.0	14003.0	48760.0	11770.0	16113.0	11414.0	16744.0	18383.0	11203.0	14628.0	3567.0	9083.0	90758.0	10349.0	50162.0	10189.0	11248.0	12114.0																																																								
2021-03-30	5591.0	20839.0	20162.0	6444.0	11567.0	63981.0	2750.0	3171.0	36861.0	11663.0	16651.0	45303.0	21000.0	107622.0	16139.0	11093.0	32195.0	11591.0	12679.0	19720.0	19172.0	6615.0	6120.0	3850.0	4565.0	14310.0	17031.0	17185.0	8485.0	9334.0	107100.0	12775.0	7810.0	16890.0	13635.0	14091.0	13169.0	49490.0	11380.0	16272.0	11360.0	16401.0	17350.0	11100.0	15499.0	3861.0	9173.0	89422.0	10895.0	50187.0	10691.0	10263.0	11429.0																																																								
2021-04-30	5932.0	19516.0	19340.0	7360.0	11995.0	67645.0	2980.0	3504.0	37114.0	11385.0	16180.0	43403.0	22652.0	107193.0	16349.0	11761.0	33440.0	12045.0	12944.0	19935.0	19689.0	6575.0	6488.0	3845.0	4623.0	14071.0	18387.0	17711.0	8037.0	9260.0	106933.0	13474.0	7810.0	17250.0	13835.0	14829.0	13226.0	50235.0	11705.0	17508.0	11200.0	18038.0	19126.0	10991.0	15801.0	4136.0	8985.0	89810.0	11575.0	50222.0	11063.0	10258.0	12566.0	10061.0	10070.0																																																						
2021-05-28	6158.0	20994.0	19449.0	7237.0	12806.0	66640.0	3115.0	3534.0	35679.0	11823.0	17409.0	43294.0	22877.0	107286.0	16810.0	11887.0	31290.0	12310.0	13034.0	20660.0	19421.0	6825.0	7343.0	4040.0	5272.0	14013.0	20636.0	17974.0	7938.0	9566.0	106874.0	13784.0	8005.0	16855.0	13930.0	14744.0	13933.0	50640.0	11715.0	17195.0	11295.0	17421.0	18474.0	11090.0	15989.0	4281.0	9027.0	90430.0	11733.0	50262.0	11148.0	9897.0	12924.0	10135.0	9930.0	10047.0	85243.0																																																				
2021-06-30	6174.0	22349.0	19612.0	7208.0	11881.0	71809.0	3219.0	3784.0	37208.0	11927.0	17934.0	44584.0	23850.0	107824.0	19086.0	12314.0	33475.0	12235.0	13144.0	20100.0	21162.0	7040.0	7158.0	3948.0	5166.0	14626.0	22062.0	18310.0	7719.0	9719.0	106948.0	13519.0	7876.0	17585.0	14385.0	14924.0	13739.0	52320.0	12180.0	18351.0	11464.0	18410.0	18992.0	11243.0	16361.0	4380.0	9131.0	94693.0	12192.0	50277.0	11504.0	10199.0	13241.0	10443.0	10714.0	10191.0	86983.0	9817.0																																																			
2021-07-30	5888.0	20620.0	17259.0	6869.0	12343.0	74713.0	3185.0	3676.0	36394.0	11338.0	16843.0	42576.0	23472.0	109654.0	18715.0	12747.0	31370.0	12255.0	12260.0	20930.0	21365.0	6710.0	6955.0	3629.0	5151.0	14513.0	21055.0	18972.0	7764.0	9014.0	108056.0	13484.0	7811.0	17615.0	13885.0	14410.0	12887.0	50540.0	12680.0	18698.0	11927.0	20037.0	20631.0	11638.0	16863.0	4310.0	9291.0	99284.0	12552.0	50312.0	11996.0	8489.0	12005.0	10886.0	11135.0	10547.0	93686.0	9855.0	10464.0	10839.0																																																	
2021-08-30	5927.0	20175.0	17049.0	7024.0	12234.0	78801.0	3080.0	3431.0	34600.0	11726.0	16442.0	45571.0	22909.0	109485.0	17938.0	12829.0	33260.0	12425.0	12284.0	21410.0	22724.0	6710.0	6973.0	3452.0	5373.0	14988.0	21364.0	19748.0	8132.0	8886.0	108194.0	13104.0	8002.0	18445.0	13485.0	14789.0	13126.0	49020.0	12685.0	19447.0	12046.0	19758.0	20810.0	11712.0	17506.0	4333.0	9432.0	99998.0	12740.0	50342.0	12506.0	8173.0	11206.0	11373.0	11745.0	10929.0	92883.0	10533.0	10731.0	11234.0	8613.0	10631.0																																															
2021-09-30	6154.0	19143.0	16942.0	6680.0	11642.0	77015.0	3167.0	3284.0	33674.0	11108.0	15751.0	41710.0	23778.0	106767.0	15891.0	12527.0	32505.0	12015.0	12025.0	20880.0	21836.0	7400.0	6558.0	3138.0	5652.0	14731.0	21977.0	19483.0	8445.0	8311.0	106765.0	13074.0	7909.0	18225.0	13180.0	14595.0	13500.0	47855.0	12285.0	18713.0	12051.0	23556.0	23515.0	11717.0	17228.0	4407.0	9589.0	99573.0	12343.0	50372.0	12385.0	7994.0	11618.0	11244.0	11472.0	12270.0	86861.0	10152.0	10474.0	10939.0	8319.0	10330.0																																															
2021-10-29	6141.0	19389.0	17242.0	6713.0	12085.0	80023.0	2990.0	3396.0	32941.0	10246.0	15922.0	36602.0	22375.0	103794.0	16735.0	13270.0	32375.0	12375.0	12120.0	21210.0	21221.0	7945.0	5874.0	3098.0	5311.0	14403.0	22835.0	19915.0	9252.0	8055.0	104963.0	13848.0	8000.0	18615.0	12775.0	14864.0	13655.0	46385.0	12465.0	19676.0	11802.0	22407.0	22276.0	11426.0	17325.0	4512.0	9437.0	99648.0	13172.0	50407.0	12730.0	8253.0	10828.0	11560.0	11918.0	11609.0	81133.0	10488.0	11152.0	11998.0	8251.0	11114.0	10433.0	8629.0																																													
2021-11-30	5715.0	17465.0	16192.0	6221.0	12055.0	84898.0	2729.0	2824.0	33386.0	9719.0	14108.0	35749.0	20771.0	107215.0	16619.0	13320.0	30065.0	11761.0	11585.0	21420.0	20845.0	7555.0	5245.0	2564.0	4179.0	14503.0	23433.0	19994.0	9227.0	7333.0	106613.0	13434.0	7878.0	19010.0	12275.0	14360.0	13667.0	44645.0	12785.0	20559.0	12126.0	23432.0	22825.0	11746.0	17228.0	4391.0	9602.0	99724.0	12976.0	50457.0	13053.0	7805.0	11027.0	11848.0	12626.0	11462.0	86775.0	12099.0	11583.0	12523.0	8762.0	10493.0	9926.0	8694.0																																													
2021-12-30	6084.0	19130.0	15760.0	6869.0	12075.0	85775.0	2848.0	3074.0	36346.0	10030.0	15627.0	36642.0	22493.0	107023.0	16549.0	14115.0	29470.0	12380.0	11660.0	22000.0	20552.0	7780.0	5897.0	2742.0	4637.0	15205.0	23179.0	20792.0	9192.0	7713.0	106627.0	14143.0	8210.0	19870.0	13080.0	14485.0	13990.0	47515.0	12470.0	20747.0	12091.0	23030.0	22009.0	11702.0	18022.0	4545.0	9598.0	101491.0	13861.0	50507.0	13588.0	7137.0	9835.0	12336.0	12791.0	11698.0	85433.0	12359.0	11588.0	11414.0	10113.0	10182.0	8937.0	9204.0	9870.0	10095.0																																											
2022-01-28	6132.0	17296.0	16264.0	6267.0	12060.0	74780.0	2590.0	2706.0	32734.0	8826.0	14447.0	29879.0	20977.0	104332.0	13246.0	12708.0	22670.0	11566.0	11350.0	21035.0	17511.0	9430.0	5343.0	2442.0	4209.0	12512.0	23513.0	19415.0	9386.0	7209.0	105071.0	14797.0	7953.0	17120.0	11910.0	12565.0	13259.0	43300.0	12145.0	17825.0	11937.0	18693.0	18311.0	11608.0	17248.0	4363.0	9726.0	97118.0	12434.0	50557.0	12535.0	7073.0	8371.0	11387.0	11140.0	9222.0	80428.0	10478.0	10489.0	10300.0	9245.0	9482.0	7671.0	8939.0	11365.0	10235.0		9543.0																																									
2022-02-28	6348.0	16475.0	15677.0	6549.0	12811.0	72958.0	2776.0	3069.0	32358.0	9256.0	14023.0	30296.0	21870.0	103911.0	13060.0	12805.0	23620.0	11106.0	11100.0	20340.0	17317.0	9770.0	5840.0	2883.0	4752.0	12532.0	23329.0	19186.0	9655.0	7602.0	104766.0	15556.0	7718.0	16665.0	12010.0	12830.0	13216.0	43810.0	11905.0	17463.0	11842.0	18648.0	18035.0	11529.0	17107.0	4524.0	9679.0	92382.0	12421.0	50612.0	12337.0	6711.0	8495.0	11200.0	10878.0	10057.0	78576.0	10493.0	10310.0	10290.0	8917.0	10005.0	8173.0	8850.0	11435.0	10675.0	10132.0	9508.0	10462.0																																								
2022-03-30	6537.0	16628.0	15070.0	6625.0	12930.0	80682.0	2963.0	3054.0	32348.0	9492.0	14095.0	31982.0	23231.0	102329.0	13940.0	13924.0	24765.0	11681.0	10940.0	22180.0	18785.0	10675.0	6152.0	2776.0	4992.0	13186.0	23134.0	20644.0	10217.0	7375.0	103515.0	16980.0	8114.0	17190.0	12130.0	13842.0	12277.0	44100.0	11240.0	19184.0	11494.0	19529.0	18915.0	11203.0	18204.0	4675.0	9754.0	90798.0	13319.0	50661.0	13402.0	6146.0	8400.0	12183.0	12027.0	10529.0	75622.0	11429.0	10994.0	10525.0	9240.0	9586.0	9247.0	9346.0	10385.0	10885.0	10465.0	8465.0	11455.0	10587.0	9880.0																																						
2022-04-29	6376.0	17193.0	14752.0	6371.0	12836.0	73641.0	2911.0	3158.0	31187.0	9656.0	14484.0	30841.0	23303.0	99602.0	12105.0	13734.0	21040.0	10676.0	10195.0	21585.0	17620.0	11405.0	6158.0	2972.0	4778.0	12657.0	22616.0	19738.0	11053.0	7713.0	101850.0	16356.0	8238.0	15190.0	11820.0	12466.0	11529.0	43110.0	10310.0	16858.0	11613.0	20305.0	19695.0	11292.0	17667.0	4951.0	10117.0	86486.0	13135.0	50751.0	12851.0	6037.0	7402.0	11682.0	10963.0	10455.0	68191.0	10079.0	9884.0	9406.0	8643.0	8338.0	8616.0	9387.0	11695.0	11185.0	8768.0	7187.0	11315.0	8891.0	8445.0																																						
2022-05-30	6491.0	17130.0	14579.0	6227.0	12468.0	69831.0	2766.0	3024.0	30337.0	9269.0	14438.0	29924.0	23203.0	100144.0	11780.0	12321.0	19400.0	10886.0	10010.0	20750.0	17466.0	12840.0	6457.0	2564.0	4583.0	12622.0	20716.0	19292.0	10058.0	7217.0	102204.0	16985.0	7936.0	15070.0	11770.0	12346.0	11332.0	42760.0	10120.0	16183.0	11534.0	20648.0	19788.0	11223.0	17146.0	4872.0	10013.0	86394.0	12213.0	50806.0	12446.0	5863.0	6797.0	11314.0	10372.0	10617.0	70080.0	10189.0	10023.0	10440.0	8381.0	9009.0	9045.0	9465.0	12090.0	10795.0	8837.0	7436.0	10078.0	9343.0	9160.0	10171.0	10246.0																																				
2022-06-30	5230.0	15950.0	16391.0	5245.0	12124.0	65572.0	2410.0	3064.0	25932.0	8867.0	13436.0	28194.0	20269.0	96746.0	9791.0	11189.0	21200.0	9786.0	9516.0	19645.0	17747.0	11115.0	5821.0	2127.0	3761.0	10616.0	20372.0	18205.0	9963.0	6660.0	99520.0	14692.0	7419.0	13805.0	10280.0	10990.0	13315.0	37355.0	9730.0	14382.0	11842.0	17649.0	17238.0	11549.0	16268.0	4336.0	10471.0	85669.0	11126.0	50881.0	11765.0	6849.0	8405.0	10705.0	9759.0	10161.0	62890.0	8796.0	9028.0	10580.0	6875.0	10552.0	8833.0	8942.0	13385.0	10980.0	9768.0	8729.0	9813.0	8801.0	12150.0	9462.0	9416.0	96849.0	9535.0																																		
2022-07-29	5164.0	17359.0	14923.0	5482.0	11761.0	73397.0	2415.0	2945.0	27639.0	9218.0	14321.0	30452.0	20388.0	101139.0	10384.0	12243.0	23430.0	10131.0	9481.0	21390.0	18949.0	11480.0	5987.0	2239.0	3770.0	11582.0	19878.0	19650.0	10058.0	6878.0	102130.0	14503.0	7761.0	15500.0	10820.0	12087.0	12331.0	39375.0	10045.0	16133.0	12215.0	18733.0	18565.0	11880.0	17725.0	4214.0	10471.0	89413.0	12266.0	50961.0	12776.0	6146.0	7904.0	11623.0	10928.0	10780.0	70611.0	10167.0	9929.0	10729.0	7255.0	10646.0	10266.0	9290.0	11890.0	10605.0	10087.0	8499.0	10078.0	10404.0	11340.0	10296.0	10540.0	98406.0	10093.0																																		
2022-08-30	5134.0	17198.0	15288.0	5285.0	11517.0	74078.0	2718.0	3329.0	27035.0	8990.0	14148.0	29555.0	21555.0	96858.0	9992.0	11749.0	24720.0	9786.0	9471.0	22440.0	19266.0	13090.0	6134.0	2180.0	3992.0	11428.0	21439.0	19805.0	10854.0	6722.0	99545.0	15681.0	7541.0	15190.0	10670.0	12127.0	12227.0	38805.0	9670.0	15647.0	12260.0	19658.0	19695.0	11914.0	17888.0	4246.0	10882.0	89089.0	11660.0	51076.0	13072.0	6196.0	7795.0	11868.0	11031.0	11845.0	62231.0	9919.0	10499.0	11569.0	6943.0	10429.0	10886.0	9627.0	12140.0	10775.0	10336.0	8165.0	11050.0	11572.0	10905.0	10680.0	10745.0	97608.0	10146.0	93909.0	97624.0																																
2022-09-30	4553.0	15066.0	14125.0	4527.0	11045.0	70349.0	2308.0	2689.0	23959.0	8335.0	12768.0	25613.0	19196.0	93817.0	8435.0	9932.0	24410.0	8647.0	8256.0	21090.0	19713.0	12055.0	5229.0	1876.0	3601.0	9659.0	19863.0	18783.0	11541.0	6334.0	97367.0	13749.0	6789.0	14125.0	9435.0	10780.0	11783.0	34285.0	8930.0	13945.0	12449.0	16141.0	16821.0	12112.0	17166.0	3963.0	11571.0	85395.0	9845.0	51191.0	12545.0	5388.0	7174.0	11396.0	10472.0	9994.0	57633.0	9020.0	9528.0	10694.0	6084.0	9610.0	9867.0	9389.0	13570.0	10900.0	9275.0	7736.0	10542.0	10741.0	9390.0	10131.0	10091.0	96464.0	9725.0	89183.0	96731.0																																
2022-10-28	4833.0	15108.0	12013.0	4668.0	10975.0	69010.0	2501.0	2644.0	26489.0	8450.0	12636.0	26604.0	20680.0	93647.0	7943.0	10254.0	25000.0	9121.0	7961.0	22800.0	20472.0	14560.0	5683.0	1714.0	3341.0	10055.0	16752.0	19582.0	11417.0	6131.0	96678.0	15227.0	7220.0	14655.0	9895.0	11518.0	10741.0	35935.0	8380.0	13742.0	12325.0	19703.0	21227.0	11919.0	17447.0	3406.0	11500.0	82412.0	9892.0	51301.0	12900.0	4384.0	7378.0	11746.0	10273.0	10922.0	54595.0	8776.0	9612.0	10639.0	6498.0	9433.0	9705.0	9947.0	13635.0	10960.0	8673.0	7831.0	10676.0	10439.0	8500.0	10366.0	9936.0	96257.0	9901.0	88746.0	96329.0																																
2022-11-30	5448.0	15256.0	13838.0	5307.0	11557.0	66638.0	2728.0	2985.0	28347.0	8892.0	12941.0	26754.0	21502.0	97767.0	9054.0	10871.0	22920.0	10201.0	8951.0	22965.0	20269.0	14000.0	6168.0	2073.0	3737.0	10477.0	15740.0	19292.0	10735.0	6930.0	98604.0	16161.0	7753.0	14720.0	10790.0	11743.0	10896.0	39210.0	8780.0	14248.0	11544.0	20529.0	22108.0	11253.0	17253.0	3633.0	10675.0	82924.0	10573.0	51456.0	12559.0	5334.0	7368.0	11431.0	9940.0	11836.0	60044.0	9534.0	9454.0	9900.0	7052.0	8634.0	9660.0	9960.0	13080.0	10745.0	8509.0	7322.0	8945.0	9731.0	8220.0	9877.0	9506.0	98431.0	9940.0	91009.0	96836.0	9014.0	9857.0	9690.0	9642.0																												
2022-12-29	5298.0	14007.0	14274.0	5115.0	11876.0	59625.0	2410.0	2822.0	25026.0	8858.0	12378.0	26125.0	20577.0	97189.0	8695.0	10270.0	21630.0	10081.0	8866.0	21450.0	18979.0	12595.0	5641.0	2293.0	4088.0	9808.0	15476.0	17998.0	9799.0	7235.0	99830.0	15921.0	7644.0	13620.0	9925.0	10995.0	10863.0	36055.0	8610.0	13196.0	11046.0	16723.0	17856.0	10725.0	16028.0	3753.0	10288.0	78443.0	10121.0	51630.0	11532.0	5750.0	7253.0	10523.0	8886.0	10122.0	60259.0	8458.0	8003.0	8337.0	6322.0	8047.0	9148.0	9326.0	14015.0	10710.0	7493.0	7117.0	7902.0	7712.0	7980.0	9013.0	8502.0	98508.0	9401.0	90775.0	97998.0	8460.0	8655.0	9234.0	8950.0																												
2023-01-30	6209.0	15366.0	15532.0	5718.0	12637.0	65205.0	2680.0	2886.0	28707.0	8816.0	13310.0	25946.0	20736.0	101409.0	9687.0	11432.0	23750.0	10806.0	9626.0	21455.0	19605.0	12980.0	6002.0	2422.0	4286.0	10373.0	17051.0	18885.0	10023.0	7245.0	103194.0	16900.0	7694.0	15185.0	10990.0	12087.0	11844.0	39945.0	9175.0	14863.0	10952.0	19215.0	20463.0	10626.0	17418.0	3923.0	10016.0	81277.0	11067.0	51775.0	11993.0	6211.0	7973.0	10916.0	9734.0	10642.0	66670.0	9821.0	9468.0	9845.0	7300.0	8821.0	9168.0	9145.0	12420.0	11005.0	8817.0	7526.0	8431.0	8966.0	8895.0	9502.0	9366.0	100780.0	9845.0	93568.0	100260.0	8280.0	10573.0	9866.0	10068.0	9937.0																											
2023-02-28	5663.0	16275.0	14762.0	5808.0	11831.0	70174.0	2675.0	2891.0	28846.0	8244.0	13622.0	25139.0	20600.0	97461.0	9584.0	11084.0	23450.0	10456.0	8806.0	23330.0	19634.0	13130.0	5902.0	2357.0	4156.0	11665.0	16353.0	19853.0	10436.0	7042.0	101835.0	15561.0	7811.0	16365.0	10720.0	12042.0	11821.0	38975.0	8640.0	14804.0	11454.0	22564.0	22917.0	11095.0	18526.0	3871.0	10835.0	82479.0	10564.0	51925.0	12706.0	5700.0	7601.0	11584.0	10462.0	11675.0	62026.0	10680.0	9954.0	9446.0	7305.0	8673.0	9454.0	9698.0	12440.0	11010.0	8982.0	7536.0	9180.0	9309.0	8310.0	9961.0	9901.0	99371.0	10141.0	91225.0	100373.0	8773.0	11213.0	9729.0	10073.0	10001.0																											
2023-03-30	5222.0	16372.0	15026.0	5352.0	12781.0	73413.0	2872.0	2871.0	29442.0	8207.0	13699.0	25329.0	20633.0	101295.0	9098.0	10287.0	21605.0	10576.0	9011.0	22530.0	19371.0	12490.0	6024.0	2239.0	4088.0	12761.0	16952.0	19669.0	10526.0	6858.0	104022.0	15302.0	7643.0	16225.0	10860.0	11279.0	11713.0	39470.0	8960.0	15746.0	11539.0	28145.0	27202.0	11169.0	18559.0	3703.0	10669.0	82928.0	9965.0	52075.0	12649.0	6002.0	7209.0	11535.0	10948.0	13020.0	66617.0	11300.0	9741.0	9126.0	7824.0	8121.0	9207.0	9241.0	11695.0	11765.0	8718.0	7990.0	9000.0	8633.0	7790.0	10336.0	10565.0	102727.0	10175.0	92739.0	101919.0	8365.0	12016.0	9847.0	10730.0	10339.0	9362.0	9565.0	9708.0	9909.0	10007.0	8931.0																					
2023-04-28	5290.0	17140.0	15124.0	5451.0	12871.0	77251.0	3085.0	3191.0	29275.0	8405.0	14118.0	26879.0	22468.0	101404.0	8888.0	10619.0	22805.0	11006.0	8856.0	23095.0	20255.0	13195.0	6096.0	2162.0	3756.0	13244.0	17101.0	20898.0	11476.0	6827.0	104056.0	15437.0	7872.0	16520.0	11120.0	11099.0	11934.0	40460.0	9030.0	16039.0	11967.0	29983.0	28080.0	11534.0	19598.0	3692.0	11045.0	87342.0	10247.0	52225.0	13353.0	5725.0	7546.0	12173.0	11517.0	13600.0	65571.0	10959.0	9577.0	8956.0	7689.0	7909.0	9360.0	9465.0	11475.0	12205.0	8444.0	8415.0	8880.0	7951.0	7790.0	10695.0	10865.0	102995.0	10546.0	93418.0	102178.0	8555.0	11899.0	10061.0	10939.0	11631.0	9277.0	10270.0	10394.0	10441.0	10481.0	8965.0	9813.0	10089.0	8415.0			10130.0															
2023-05-30	5401.0	17662.0	13978.0	5696.0	12478.0	83592.0	3080.0	3334.0	32272.0	8359.0	14296.0	27757.0	22492.0	99443.0	8863.0	10376.0	24250.0	10711.0	8861.0	22605.0	19788.0	12080.0	6053.0	2122.0	3712.0	13209.0	17236.0	20850.0	11034.0	6370.0	102697.0	14393.0	7731.0	17190.0	11655.0	11259.0	10934.0	42435.0	8700.0	17488.0	11628.0	29236.0	28269.0	11189.0	19832.0	3924.0	10936.0	82590.0	9907.0	52365.0	13500.0	5349.0	6742.0	12326.0	12488.0	13201.0	60866.0	13196.0	10083.0	9141.0	8761.0	7416.0	9119.0	9213.0	10510.0	11805.0	8703.0	7831.0	9738.0	8479.0	7550.0	11718.0	12479.0	101839.0	10489.0	91950.0	101791.0	8332.0	14535.0	10262.0	11953.0	11523.0	9122.0	9612.0	9916.0	10103.0	10756.0	8674.0	9972.0	10011.0	8323.0	49417.0	49647.0	10035.0															
2023-06-30	5276.0	18183.0	14389.0	5521.0	12244.0	86804.0	3012.0	3779.0	32081.0	7919.0	14459.0	26380.0	23887.0	99190.0	8068.0	10861.0	23670.0	10891.0	9016.0	24470.0	19570.0	12440.0	6271.0	2176.0	3722.0	13482.0	17849.0	21544.0	10790.0	6028.0	102751.0	14643.0	7840.0	17880.0	11580.0	11857.0	10826.0	42210.0	8685.0	18177.0	11464.0	29885.0	27351.0	11021.0	20657.0	3872.0	10936.0	83873.0	10424.0	52544.0	14036.0	5640.0	6241.0	12807.0	12967.0	14052.0	60762.0	13340.0	10924.0	9521.0	9092.0	7396.0	8843.0	9427.0	10130.0	11630.0	9251.0	7416.0	9743.0	8677.0	7400.0	12143.0	12883.0	102195.0	10703.0	92232.0	102067.0	8526.0	14580.0	10678.0	12401.0	12666.0	9346.0	9651.0	10111.0	10460.0	11709.0	8674.0	10308.0	10006.0	8422.0	49599.0	49662.0	10035.0	9294.0	7802.0	988205.0	10002.0											
2023-07-28	5424.0	17690.0	14920.0	5441.0	12488.0	87176.0	3377.0	3898.0	31915.0	7819.0	13887.0	26320.0	23698.0	99352.0	8542.0	11181.0	22660.0	11386.0	9401.0	24300.0	19024.0	12710.0	6266.0	2137.0	3461.0	15233.0	18612.0	21625.0	10576.0	5919.0	103239.0	15477.0	7928.0	17580.0	11775.0	12326.0	11099.0	42835.0	8445.0	18783.0	11041.0	36567.0	32446.0	10665.0	20914.0	3704.0	10626.0	81445.0	10668.0	52689.0	14080.0	6271.0	6454.0	12846.0	13027.0	15455.0	61027.0	13660.0	11147.0	9316.0	9645.0	6903.0	8705.0	9546.0	9815.0	11505.0	9559.0	6882.0	9708.0	8916.0	7075.0	12332.0	12988.0	103395.0	10756.0	92286.0	102451.0	8640.0	14581.0	11005.0	12834.0	11483.0	9747.0	9680.0	10163.0	10790.0	11407.0	8446.0	10205.0	9742.0	8466.0	49762.0	48258.0	9765.0	9408.0	7815.0	991095.0	9992.0											
2023-08-30	5508.0	17422.0	14492.0	5683.0	12358.0	89504.0	3285.0	3833.0	30287.0	8181.0	13937.0	27163.0	23674.0	98837.0	8765.0	10905.0	22750.0	10896.0	8906.0	24880.0	19957.0	13665.0	6256.0	2612.0	3804.0	15083.0	18981.0	21964.0	10695.0	6490.0	103175.0	15042.0	7749.0	16790.0	11475.0	11892.0	10690.0	41680.0	8185.0	18549.0	11379.0	34217.0	29404.0	10863.0	20924.0	3705.0	11055.0	82018.0	10351.0	52854.0	14434.0	6101.0	6206.0	13170.0	13379.0	15072.0	60071.0	13767.0	10687.0	8791.0	9097.0	6361.0	8060.0	9777.0	9925.0	11770.0	9275.0	6862.0	9783.0	8379.0	6760.0	12796.0	13343.0	103512.0	10852.0	91955.0	102810.0	8847.0	14654.0	10892.0	12699.0	11283.0	9626.0	9666.0	10523.0	10872.0	11896.0	8178.0	10395.0	10134.0	8513.0	49940.0	50277.0	10165.0	9656.0	7996.0	994182.0	10091.0	9125.0	9838.0	9909.0	49512.0	10267.0						
2023-09-27	5698.0	17516.0	14198.0	5525.0	12060.0	86699.0	2997.0	3523.0	28980.0	8061.0	14017.0	26235.0	23550.0	97723.0	8157.0	10029.0	21610.0	10406.0	8506.0	23625.0	19669.0	14385.0	5883.0	2473.0	3529.0	13537.0	18203.0	21427.0	10586.0	6327.0	102766.0	14897.0	7504.0	15540.0	11240.0	11064.0	10722.0	40890.0	7630.0	17552.0	11394.0	28403.0	24230.0	10794.0	20053.0	3644.0	11363.0	79832.0	9500.0	53034.0	14046.0	5725.0	6543.0	12802.0	12943.0	13270.0	58408.0	12854.0	10201.0	8122.0	8854.0	6134.0	7361.0	9570.0	10475.0	11835.0	8598.0	6613.0	10008.0	7622.0	6305.0	12207.0	12634.0	103102.0	10609.0	90457.0	102770.0	8659.0	13548.0	10352.0	11854.0	10657.0	9239.0	9399.0	10385.0	10842.0	11485.0	7633.0	10676.0	10377.0	8354.0	50132.0	51431.0	10415.0	9480.0	7856.0	997666.0	9997.0	9032.0	9492.0	9748.0	46932.0	9696.0						
2023-10-30	5320.0	15655.0	13803.0	5312.0	12677.0	84780.0	2774.0	2980.0	28471.0	7803.0	12750.0	25009.0	22116.0	95921.0	7663.0	9443.0	18905.0	9956.0	8296.0	22760.0	18125.0	13190.0	5216.0	2309.0	3185.0	12149.0	16642.0	20687.0	9630.0	6015.0	102032.0	14313.0	7115.0	14530.0	10640.0	10262.0	10387.0	38715.0	7170.0	17086.0	11200.0	23621.0	20400.0	10582.0	19009.0	3447.0	11393.0	75548.0	8976.0	53179.0	13568.0	5655.0	6970.0	12369.0	12671.0	11902.0	55991.0	12716.0	9300.0	7353.0	8879.0	5818.0	6622.0	9056.0	10780.0	12415.0	8041.0	6518.0	9529.0	6209.0	6205.0	11868.0	12419.0	103170.0	10282.0	88805.0	102564.0	8217.0	13535.0	9976.0	11720.0	10384.0	8712.0	9097.0	9868.0	10277.0	10757.0	7167.0	10377.0	10427.0	8251.0	50285.0	51796.0	10470.0	8953.0	7474.0	1000359.0	9917.0	8732.0	9414.0	9486.0	44228.0	9527.0	9401.0	8637.0				
2023-11-30	5823.0	17159.0	13130.0	5844.0	12905.0	91089.0	3100.0	3384.0	31070.0	8290.0	13647.0	27178.0	23199.0	100829.0	8981.0	10532.0	20695.0	10906.0	8741.0	23710.0	18120.0	12650.0	5835.0	2270.0	3238.0	13447.0	16528.0	21826.0	9968.0	6159.0	105898.0	14767.0	7391.0	15885.0	11650.0	11244.0	9741.0	42380.0	7865.0	19140.0	11106.0	27027.0	23313.0	10596.0	20153.0	3623.0	10902.0	80429.0	10180.0	53358.0	14312.0	5503.0	6851.0	13056.0	13613.0	12984.0	63421.0	14172.0	9795.0	6888.0	10124.0	5310.0	6652.0	9290.0	9620.0	12120.0	7966.0	6248.0	10571.0	6259.0	5325.0	12811.0	13963.0	106376.0	10776.0	92908.0	104448.0	8404.0	15036.0	10965.0	13560.0	11403.0	9309.0	9093.0	9896.0	11016.0	11692.0	7858.0	10338.0	10026.0	8644.0	50502.0	49617.0	10050.0	9149.0	7536.0	1003490.0	10220.0	8849.0	10367.0	10132.0	46600.0	9795.0	9211.0	8664.0				
2023-12-28	6066.0	18418.0	12880.0	6177.0	13134.0	96252.0	3100.0	3498.0	32508.0	9033.0	14809.0	31274.0	24072.0	105043.0	9481.0	11737.0	25590.0	11481.0	9246.0	25765.0	20817.0	12855.0	6459.0	2424.0	3340.0	14283.0	17041.0	23009.0	10476.0	6389.0	108218.0	15412.0	7681.0	17370.0	12395.0	12874.0	9568.0	45160.0	8550.0	20211.0	11429.0	27241.0	23308.0	10888.0	21866.0	3711.0	10963.0	86824.0	11321.0	53518.0	15041.0	5349.0	6216.0	13705.0	14376.0	13767.0	70781.0	15457.0	10508.0	7517.0	10538.0	5498.0	7578.0	9951.0	9175.0	12330.0	8444.0	6174.0	11674.0	7393.0	5370.0	13595.0	14907.0	108229.0	11330.0	96094.0	106322.0	8992.0	16341.0	11500.0	13844.0	12049.0	9949.0	9386.0	10450.0	11688.0	12500.0	8592.0	11346.0	10049.0	8919.0	50694.0	49857.0	10090.0	9812.0	7955.0	1006824.0	10563.0	8991.0	10765.0	10510.0	50809.0	10024.0	9437.0	8942.0	7657.0			
2024-01-30	6210.0	17390.0	12170.0	6214.0	12756.0	103038.0	3037.0	3266.0	29665.0	8623.0	14045.0	30107.0	22711.0	104049.0	8932.0	11312.0	26250.0	11466.0	8871.0	26440.0	21742.0	12995.0	5860.0	2394.0	3403.0	13039.0	18198.0	24142.0	10292.0	6020.0	107642.0	14478.0	7635.0	17465.0	11680.0	12421.0	9385.0	42510.0	8145.0	20896.0	11663.0	22599.0	19090.0	11100.0	22622.0	3690.0	11328.0	86844.0	10817.0	53678.0	15965.0	4517.0	5173.0	14550.0	15410.0	12837.0	67744.0	17247.0	10142.0	6363.0	10286.0	4995.0	6824.0	10363.0	8850.0	12460.0	7583.0	5210.0	12562.0	6274.0	4735.0	14618.0	15996.0	107532.0	11669.0	95565.0	106540.0	9380.0	18469.0	11847.0	14375.0	11631.0	10039.0	9831.0	11119.0	12316.0	12193.0	8153.0	11575.0	10392.0	8907.0	50881.0	51551.0	10435.0	10275.0	8264.0	1009666.0	10752.0	9001.0	11781.0	11639.0	49858.0	10574.0	9687.0	9259.0	7779.0	8550.0		
2024-02-29	7080.0	20645.0	13094.0	7097.0	12711.0	104883.0	3217.0	3478.0	31426.0	8826.0	16639.0	31713.0	23806.0	103246.0	8735.0	11209.0	29635.0	11756.0	9166.0	27805.0	22060.0	13200.0	6410.0	2265.0	3418.0	14308.0	19355.0	24889.0	10775.0	5884.0	107401.0	14193.0	7603.0	17665.0	12345.0	12630.0	9941.0	44825.0	7980.0	21164.0	11509.0	25496.0	21398.0	10927.0	22947.0	3787.0	11397.0	84510.0	10697.0	53853.0	16473.0	4997.0	5526.0	15027.0	15689.0	12901.0	66802.0	18746.0	10380.0	6773.0	11053.0	5434.0	6686.0	10411.0	8745.0	12465.0	8200.0	5914.0	12383.0	6094.0	5130.0	15576.0	17739.0	108025.0	11902.0	94378.0	106888.0	9426.0	20159.0	12183.0	14575.0	13725.0	10054.0	10093.0	11597.0	12986.0	13068.0	7973.0	11771.0	10485.0	8889.0	51083.0	51921.0	10505.0	10294.0	8232.0	1012985.0	10851.0	9119.0	11821.0	11663.0	48875.0	11339.0	9617.0	9259.0	7718.0	8817.0		
2024-03-29	7345.0	20039.0	13532.0	6806.0	13841.0	108875.0	3182.0	3853.0	34708.0	9053.0	16049.0	35500.0	25179.0	104044.0	8592.0	11512.0	27885.0	12025.0	9396.0	29500.0	21871.0	14880.0	6314.0	2364.0	3403.0	15536.0	20018.0	26145.0	10685.0	5967.0	108189.0	15177.0	7937.0	18320.0	13025.0	13094.0	10128.0	47565.0	8150.0	21650.0	11723.0	25899.0	21749.0	11144.0	24040.0	3957.0	11586.0	87138.0	10978.0	54003.0	17476.0	5176.0	5327.0	15858.0	16288.0	15584.0	67916.0	20567.0	10855.0	6763.0	13211.0	5611.0	6928.0	11120.0	8560.0	14240.0	8180.0	5674.0	12158.0	6299.0	5380.0	16664.0	19078.0	108864.0	12356.0	95388.0	107616.0	10049.0	22266.0	12678.0	14956.0	14848.0	10590.0	10504.0	12050.0	13762.0	13321.0	8113.0	11942.0	10636.0	8993.0	51241.0	52685.0	10660.0	11006.0	8679.0	1015757.0	11293.0	9920.0	12282.0	12232.0	50599.0	12068.0	9754.0	9531.0	7966.0	9303.0	9538.0	100055.0
2024-04-30	7468.0	20716.0	14899.0	6827.0	14408.0	108246.0	3208.0	4180.0	33179.0	9023.0	16383.0	34150.0	26452.0	102597.0	8203.0	10804.0	25960.0	11766.0	9491.0	29545.0	21150.0	15480.0	6397.0	2816.0	3453.0	14776.0	19135.0	26103.0	10088.0	6505.0	107558.0	15746.0	7765.0	17745.0	12750.0	12316.0	10658.0	46400.0	7605.0	20946.0	11743.0	23862.0	20163.0	11070.0	23978.0	3884.0	11903.0	85429.0	10219.0	54162.0	17236.0	5610.0	5521.0	15743.0	16208.0	17866.0	65256.0	20464.0	10811.0	6833.0	12460.0	5675.0	6780.0	10939.0	8850.0	14800.0	8315.0	5879.0	12083.0	6119.0	5665.0	16744.0	18688.0	109107.0	12357.0	93618.0	107631.0	9893.0	21807.0	12268.0	14455.0	15473.0	10126.0	10697.0	11519.0	13624.0	13247.0	7601.0	12451.0	10968.0	8884.0	51424.0	54154.0	10980.0	10780.0	8613.0	1018811.0	11303.0	10263.0	11966.0	12252.0	48574.0	12445.0	9962.0	9691.0	7722.0	9438.0	9185.0	100375.0
2024-05-30	7435.0	19894.0	15276.0	6612.0	14408.0	113221.0	2987.0	4428.0	33568.0	8861.0	15993.0	30521.0	27910.0	103591.0	7875.0	10778.0	25850.0	11961.0	9581.0	28820.0	21463.0	14500.0	6299.0	3314.0	3251.0	13530.0	19420.0	26523.0	9351.0	6857.0	108322.0	15437.0	7415.0	17620.0	12525.0	12401.0	10572.0	45600.0	7635.0	21868.0	11728.0	21274.0	17904.0	11075.0	23693.0	4015.0	11898.0	85785.0	10096.0	54322.0	17658.0	5660.0	5153.0	16121.0	16932.0	20306.0	66553.0	22701.0	11073.0	6628.0	13155.0	5838.0	7430.0	10671.0	8500.0	14765.0	8384.0	5669.0	11998.0	6766.0	5530.0	18077.0	20362.0	109605.0	12517.0	94087.0	108294.0	9656.0	24033.0	12545.0	15086.0	15104.0	9885.0	10590.0	11618.0	13547.0	12753.0	7621.0	12373.0	10993.0	8917.0	51586.0	54309.0	10995.0	10546.0	8364.0	1021769.0	11422.0	10773.0	12805.0	12662.0	48700.0	13229.0	10002.0	9649.0	7741.0	10126.0	9224.0	100675.0
2024-06-28	7575.0	21865.0	15201.0	6904.0	14353.0	120681.0	2992.0	4695.0	36214.0	8961.0	17426.0	31991.0	30149.0	106136.0	7716.0	11319.0	27730.0	12070.0	9835.0	29275.0	23065.0	14695.0	6913.0	3448.0	3241.0	13904.0	19823.0	27489.0	9426.0	6911.0	110090.0	15037.0	7432.0	17590.0	13395.0	12476.0	10176.0	48810.0	8000.0	23267.0	11962.0	21254.0	17939.0	11273.0	23992.0	4064.0	11957.0	88049.0	10690.0	54477.0	18512.0	5383.0	4965.0	16901.0	18061.0	18784.0	70213.0	24330.0	10815.0	5969.0	14077.0	5365.0	6928.0	10949.0	8000.0	14705.0	8613.0	5420.0	12263.0	6409.0	5115.0	18601.0	21091.0	109576.0	12887.0	95556.0	109383.0	9880.0	26097.0	13173.0	16112.0	16660.0	10118.0	10960.0	12092.0	13791.0	13673.0	7989.0	13269.0	11037.0	9000.0	51744.0	54494.0	11050.0	10791.0	8461.0	1024779.0	11671.0	10758.0	13641.0	13448.0	50916.0	14336.0	10143.0	9763.0	8118.0	10906.0	9654.0	100950.0
2024-07-30	8369.0	19103.0	14702.0	7301.0	14682.0	116482.0	3331.0	5048.0	32742.0	9759.0	15648.0	37164.0	30149.0	108144.0	7621.0	12213.0	29985.0	12195.0	9706.0	30250.0	24825.0	14660.0	6638.0	3159.0	3030.0	13734.0	19998.0	27654.0	9764.0	6857.0	111765.0	15062.0	7688.0	17645.0	13125.0	13578.0	10031.0	47710.0	8025.0	22285.0	12186.0	19465.0	16554.0	11470.0	25036.0	4240.0	12084.0	89383.0	11476.0	54632.0	18532.0	5185.0	4865.0	16911.0	17432.0	17243.0	75028.0	22365.0	10607.0	5869.0	12010.0	5542.0	6962.0	11681.0	8370.0	15255.0	8514.0	5435.0	12283.0	6653.0	5005.0	17997.0	20202.0	110649.0	13004.0	96455.0	110487.0	10559.0	23914.0	13079.0	15431.0	18330.0	10716.0	11236.0	12469.0	14653.0	13754.0	7994.0	13716.0	11133.0	9120.0	51932.0	55064.0	11155.0	11525.0	9037.0	1027688.0	11849.0	11079.0	12959.0	13141.0	51434.0	13383.0	10279.0	9993.0	8221.0	10458.0	9731.0	101245.0
2024-08-30	8216.0	18765.0	15165.0	7468.0	15413.0	114524.0	3188.0	4924.0	31258.0	10024.0	15672.0	39404.0	29238.0	108073.0	7581.0	12801.0	29105.0	12635.0	9945.0	30180.0	23730.0	14125.0	6579.0	2782.0	3034.0	13211.0	20332.0	27483.0	10352.0	6485.0	111829.0	15032.0	7988.0	17205.0	12680.0	13383.0	9886.0	46240.0	8365.0	22613.0	11982.0	19815.0	16554.0	11297.0	25153.0	4222.0	11699.0	89896.0	12007.0	54807.0	18349.0	5279.0	4865.0	16750.0	17130.0	17283.0	74549.0	21768.0	9850.0	5624.0	11092.0	5365.0	6814.0	11515.0	8225.0	15425.0	8051.0	5265.0	12507.0	6189.0	4990.0	17653.0	19328.0	110498.0	12950.0	98429.0	110573.0	10395.0	23508.0	13387.0	15678.0	18101.0	10917.0	11342.0	12642.0	14758.0	13252.0	8383.0	13376.0	10773.0	9308.0	52104.0	53365.0	10825.0	11334.0	8909.0	1030934.0	11795.0	11422.0	12770.0	13052.0	51983.0	13512.0	10096.0	9811.0	8261.0	10253.0	9845.0	101570.0
2024-09-30	7980.0	18273.0	17619.0	7267.0	16209.0	115144.0	2932.0	4884.0	30473.0	9995.0	15369.0	38449.0	28730.0	109073.0	7636.0	13032.0	27755.0	12800.0	10685.0	30505.0	22657.0	13410.0	6957.0	3090.0	3108.0	13191.0	20417.0	27772.0	10476.0	6705.0	112735.0	15392.0	8212.0	17565.0	12140.0	13408.0	11792.0	44080.0	8410.0	23163.0	11827.0	21893.0	18083.0	11144.0	25187.0	4101.0	11504.0	89757.0	12327.0	54967.0	18374.0	6879.0	5868.0	16775.0	17235.0	18162.0	76137.0	21758.0	10102.0	6388.0	10417.0	6154.0	6918.0	11405.0	8040.0	15920.0	9445.0	6458.0	12233.0	6279.0	6255.0	17812.0	20057.0	111317.0	13013.0	99536.0	111301.0	10308.0	23326.0	13648.0	16062.0	17936.0	11016.0	11193.0	12007.0	14423.0	14005.0	8437.0	13450.0	10591.0	9330.0	52252.0	52461.0	10625.0	11230.0	8810.0	1033988.0	11944.0	11971.0	12824.0	13261.0	51459.0	13725.0	9995.0	9748.0	8230.0	10361.0	9750.0	101870.0
2024-10-30	8412.0	17490.0	18144.0	7621.0	16945.0	125710.0	2785.0	5083.0	29715.0	10088.0	14850.0	39124.0	29491.0	108331.0	7795.0	13008.0	29475.0	12265.0	10165.0	32590.0	23964.0	14225.0	7192.0	2826.0	3079.0	12897.0	20561.0	29176.0	10396.0	6338.0	112494.0	14787.0	8036.0	17845.0	12105.0	13488.0	11806.0	44055.0	7920.0	23883.0	12151.0	20080.0	16554.0	11401.0	26474.0	3883.0	12200.0	90719.0	12189.0	55106.0	19834.0	6894.0	5660.0	18105.0	18820.0	17090.0	74833.0	23857.0	10518.0	6648.0	10170.0	6523.0	6632.0	12085.0	7800.0	18435.0	9833.0	7461.0	13076.0	6204.0	6485.0	19659.0	22795.0	111156.0	13543.0	97291.0	111213.0	10907.0	25311.0	13941.0	16583.0	20036.0	11016.0	11594.0	12386.0	15942.0	14957.0	7907.0	13392.0	11243.0	9331.0	52400.0	55683.0	11310.0	11896.0	9295.0	1036646.0	12525.0	12526.0	14215.0	14448.0	51230.0	15249.0	10382.0	10252.0	8231.0	11571.0	9641.0	102125.0
2024-11-29	8572.0	17176.0	17256.0	7344.0	16149.0	128384.0	2765.0	5395.0	25481.0	9861.0	14720.0	35415.0	29091.0	111659.0	8213.0	13367.0	30290.0	11996.0	9736.0	34720.0	23770.0	15385.0	6564.0	2353.0	3123.0	11601.0	20267.0	30035.0	9834.0	6269.0	114952.0	14498.0	8291.0	18540.0	11450.0	14784.0	11884.0	41640.0	8020.0	24116.0	12265.0	16702.0	13650.0	11500.0	27348.0	3801.0	12360.0	92500.0	12581.0	55266.0	20593.0	6671.0	5630.0	18804.0	19221.0	15697.0	81416.0	22695.0	10786.0	6833.0	8602.0	6292.0	6150.0	12815.0	7750.0	17125.0	10436.0	7891.0	14248.0	6469.0	6445.0	20897.0	25093.0	113995.0	13891.0	97730.0	112812.0	11578.0	23411.0	14336.0	16747.0	18450.0	11574.0	11967.0	12278.0	17533.0	16485.0	7980.0	13193.0	11406.0	9406.0	52577.0	56443.0	11455.0	12622.0	9842.0	1039685.0	12669.0	13123.0	14142.0	15445.0	52379.0	14852.0	10503.0	10450.0	8338.0	11826.0	9853.0	102440.0
2024-12-30	7774.0	17297.0	19280.0	7152.0	15836.0	139795.0	2534.0	5534.0	25850.0	9680.0	14788.0	36914.0	28520.0	109554.0	7671.0	12113.0	28980.0	11581.0	9806.0	33965.0	23328.0	14525.0	6270.0	2647.0	2837.0	11526.0	21962.0	31295.0	9739.0	6235.0	114119.0	13589.0	7801.0	19435.0	11250.0	13428.0	12848.0	40935.0	7495.0	24746.0	12703.0	14988.0	12116.0	11865.0	27792.0	3689.0	13098.0	93568.0	11320.0	55416.0	21605.0	7355.0	5804.0	19741.0	20945.0	15618.0	78216.0	24841.0	11375.0	6758.0	9117.0	6326.0	6164.0	12690.0	7595.0	18155.0	12223.0	8450.0	14653.0	6762.0	6670.0	22469.0	27441.0	112133.0	14304.0	96129.0	112526.0	11443.0	25925.0	14232.0	17246.0	18759.0	10817.0	12109.0	12131.0	17454.0	18035.0	7509.0	13668.0	12106.0	9339.0	52730.0	59806.0	12150.0	12438.0	9764.0	1042550.0	12902.0	12681.0	15154.0	16214.0	52022.0	16236.0	10903.0	10952.0	8466.0	13527.0	9805.0	102725.0
2025-01-24	8173.0	17973.0	18887.0	7444.0	16756.0	138208.0	2790.0	6446.0	27983.0	9831.0	15337.0	38594.0	30536.0	110873.0	7641.0	12394.0	28915.0	12090.0	9791.0	35015.0	23502.0	15370.0	6917.0	2662.0	3108.0	12563.0	21598.0	31331.0	9620.0	6171.0	115124.0	14148.0	7857.0	20070.0	11880.0	13832.0	11972.0	43155.0	7440.0	25158.0	12360.0	15428.0	12687.0	11549.0	27763.0	3723.0	12765.0	90817.0	11562.0	55561.0	21512.0	7350.0	5471.0	19643.0	20727.0	18024.0	79546.0	26026.0	11420.0	6498.0	10781.0	5858.0	5800.0	12640.0	7445.0	18545.0	11989.0	7746.0	14633.0	6434.0	6295.0	22444.0	27911.0	113631.0	14305.0	96343.0	113506.0	11414.0	28054.0	14559.0	17548.0	22355.0	11095.0	11556.0	12357.0	17845.0	17778.0	7471.0	12868.0	11793.0	9459.0	52908.0	58247.0	11825.0	12429.0	9709.0	1045302.0	13017.0	12842.0	15125.0	16100.0	50480.0	15849.0	10676.0	10795.0	8250.0	13180.0	9477.0	103000.0
2025-02-28	8193.0	17374.0	22299.0	7659.0	17194.0	133070.0	2849.0	6461.0	26543.0	9980.0	14961.0	39509.0	31736.0	112541.0	8173.0	12709.0	27340.0	12445.0	9830.0	34170.0	23801.0	15080.0	7575.0	2727.0	3010.0	12892.0	21858.0	31503.0	8192.0	6387.0	116429.0	14113.0	8020.0	19495.0	11885.0	12730.0	12349.0	43165.0	7885.0	23625.0	12927.0	15383.0	12707.0	12077.0	26981.0	3946.0	13088.0	96358.0	11929.0	55691.0	21112.0	8996.0	6285.0	19289.0	19939.0	17001.0	83607.0	22981.0	10929.0	6543.0	9916.0	6075.0	6031.0	12852.0	7915.0	19815.0	11098.0	8724.0	15127.0	5919.0	7155.0	20782.0	24359.0	114886.0	14379.0	98383.0	114161.0	11611.0	24701.0	13969.0	16504.0	28832.0	11041.0	12513.0	12905.0	18224.0	16582.0	7902.0	12334.0	12091.0	9483.0	53070.0	59816.0	12120.0	12659.0	9922.0	1047776.0	13121.0	12954.0	14176.0	16487.0	54611.0	15849.0	11160.0	11104.0	8757.0	12226.0	10238.0	103245.0
2025-03-28	8188.0	18335.0	22811.0	7817.0	18478.0	128434.0	2962.0	6391.0	27091.0	9911.0	15704.0	36110.0	32165.0	111579.0	7875.0	12278.0	26965.0	12680.0	10075.0	33375.0	23264.0	15790.0	7428.0	2836.0	2901.0	11755.0	22336.0	30753.0	8585.0	6622.0	116104.0	14603.0	7942.0	18590.0	12260.0	12346.0	12471.0	44525.0	7670.0	22672.0	12932.0	14749.0	12002.0	12047.0	26367.0	3942.0	13167.0	94136.0	11615.0	55806.0	20577.0	8916.0	6812.0	18799.0	19240.0	15277.0	82168.0	21817.0	10677.0	6458.0	10085.0	6114.0	6125.0	12858.0	8215.0	20640.0	10719.0	8400.0	15077.0	5749.0	7230.0	20013.0	22970.0	114594.0	14216.0	97736.0	114052.0	11601.0	24066.0	13545.0	15862.0	30538.0	10978.0	12401.0	12826.0	18047.0	16076.0	7689.0	13433.0	12170.0	9402.0	53179.0	60181.0	12200.0	12664.0	9950.0	1050006.0	13121.0	13061.0	13525.0	16378.0	53203.0	15160.0	11234.0	11040.0	8720.0	11646.0	10004.0	103455.0
2025-04-30	8718.0	17733.0	20762.0	8820.0	19627.0	122280.0	3180.0	7498.0	24766.0	10164.0	15319.0	37030.0	33603.0	114518.0	7940.0	11797.0	25035.0	12945.0	9985.0	32135.0	21856.0	13670.0	7955.0	3130.0	3065.0	11940.0	20506.0	29432.0	8480.0	7070.0	118015.0	14158.0	7608.0	16860.0	12105.0	11698.0	11629.0	44000.0	7765.0	22265.0	12718.0	13240.0	10715.0	11914.0	24500.0	4022.0	12810.0	92101.0	11402.0	55945.0	19416.0	7995.0	6459.0	17737.0	18319.0	17035.0	85586.0	20317.0	9780.0	5774.0	9172.0	5562.0	6095.0	11608.0	8175.0	21415.0	10356.0	7940.0	14697.0	5227.0	6420.0	19310.0	22435.0	117041.0	13821.0	98389.0	116045.0	10461.0	22359.0	13139.0	15581.0	36160.0	10191.0	12073.0	11928.0	16922.0	15174.0	7761.0	13513.0	11843.0	9422.0	53356.0	58562.0	11860.0	11419.0	8967.0	1052819.0	13071.0	12896.0	12913.0	15350.0	52297.0	14212.0	10955.0	10744.0	8354.0	11003.0	9771.0	103735.0
2025-05-30	9727.0	17114.0	20787.0	10840.0	19433.0	130058.0	3935.0	8911.0	26454.0	10417.0	16181.0	37685.0	37075.0	112633.0	8050.0	12159.0	23855.0	13545.0	10395.0	34010.0	20891.0	13065.0	8325.0	3610.0	3250.0	12175.0	21399.0	30304.0	8814.0	7540.0	116996.0	14438.0	7512.0	18210.0	12885.0	12271.0	11673.0	46815.0	7440.0	24339.0	12186.0	12105.0	9830.0	11426.0	24997.0	4005.0	12478.0	87645.0	11499.0	56065.0	20081.0	7805.0	6623.0	18338.0	19480.0	20270.0	82134.0	22847.0	10117.0	5554.0	9737.0	5286.0	6204.0	11393.0	7445.0	20565.0	11292.0	7546.0	14483.0	5515.0	6490.0	20507.0	24908.0	115825.0	14089.0	97655.0	115869.0	10282.0	25631.0	13944.0	17020.0	40775.0	10292.0	11803.0	11142.0	17219.0	15940.0	7437.0	13289.0	11511.0	9456.0	53490.0	57068.0	11560.0	11208.0	8714.0	1054924.0	13061.0	12700.0	13919.0	15704.0	48785.0	14758.0	10552.0	10536.0	8014.0	11836.0	9115.0	103935.0
2025-06-30	11071.0	18401.0	21289.0	13885.0	19388.0	135432.0	4485.0	11172.0	32397.0	11158.0	17102.0	37755.0	43809.0	112590.0	10125.0	12024.0	24230.0	13815.0	10975.0	34620.0	20985.0	13460.0	9200.0	4164.0	3645.0	12930.0	21603.0	30967.0	8222.0	8180.0	116813.0	15072.0	7447.0	18680.0	14860.0	12934.0	11771.0	53990.0	7555.0	25803.0	12091.0	13295.0	10480.0	11317.0	25569.0	4024.0	12244.0	87556.0	11495.0	56170.0	20667.0	7900.0	6921.0	18885.0	20299.0	24010.0	80087.0	25804.0	10459.0	5744.0	12000.0	5365.0	6435.0	11428.0	7030.0	20100.0	11202.0	7626.0	15072.0	5859.0	6690.0	22264.0	29125.0	115504.0	14316.0	98694.0	116052.0	10283.0	30115.0	14633.0	18076.0	48350.0	10504.0	11425.0	10999.0	17294.0	15980.0	7549.0	13379.0	11335.0	9556.0	53608.0	56038.0	11350.0	11228.0	8673.0	1057157.0	13126.0	12695.0	14840.0	16619.0	48469.0	15323.0	10427.0	10474.0	8069.0	12406.0	9053.0	104135.0
2025-07-30	11658.0	20303.0	22598.0	13335.0	19533.0	142979.0	4380.0	11417.0	32772.0	11700.0	18267.0	42000.0	44827.0	112875.0	9340.0	12279.0	25560.0	13755.0	11190.0	36590.0	22791.0	14190.0	10205.0	4069.0	3540.0	13725.0	24096.0	32363.0	8426.0	8320.0	117227.0	15297.0	7568.0	20160.0	15715.0	13268.0	12798.0	57205.0	7535.0	26512.0	12350.0	15800.0	12560.0	11559.0	27305.0	4072.0	12587.0	90641.0	11899.0	56285.0	21788.0	8362.0	8922.0	19905.0	21426.0	25550.0	80689.0	27723.0	11276.0	6518.0	11935.0	5769.0	6957.0	11987.0	6845.0	20800.0	11601.0	8265.0	15002.0	6629.0	7230.0	23896.0	30983.0	115899.0	14822.0	99078.0	116528.0	10802.0	30900.0	15040.0	18594.0	53695.0	10719.0	11839.0	11246.0	17858.0	16745.0	7530.0	13111.0	11648.0	9596.0	53726.0	57602.0	11675.0	11784.0	9035.0	1059314.0	13419.0	13432.0	15967.0	16714.0	49749.0	16256.0	10760.0	10778.0	8292.0	13255.0	9275.0	104355.0
2025-08-29	11232.0	19968.0	22691.0	12995.0	20080.0	145627.0	4280.0	11776.0	32593.0	11347.0	18107.0	40450.0	44912.0	113223.0	9270.0	12320.0	26725.0	13995.0	11190.0	36790.0	23866.0	14325.0	9640.0	4024.0	3630.0	13585.0	28025.0	33227.0	8386.0	8405.0	117311.0	15876.0	7607.0	20560.0	15455.0	13976.0	14030.0	56155.0	7525.0	26815.0	12569.0	14785.0	11920.0	11776.0	27480.0	4120.0	12716.0	91855.0	11771.0	56410.0	22316.0	8746.0	9135.0	20390.0	21819.0	25575.0	80038.0	28176.0	12044.0	7253.0	11790.0	6232.0	7464.0	12284.0	6775.0	21495.0	12089.0	10486.0	14558.0	7052.0	8260.0	24166.0	31837.0	115929.0	15114.0	99773.0	116960.0	11069.0	31443.0	15294.0	18794.0	51420.0	10933.0	11710.0	11405.0	18330.0	17518.0	7531.0	12912.0	11730.0	9655.0	53854.0	58072.0	11775.0	12084.0	9234.0	1061637.0	13568.0	13427.0	16105.0	17585.0	50021.0	16628.0	10943.0	10967.0	8425.0	13841.0	9305.0	104580.0
2025-09-30	11746.0	19035.0	24402.0	13975.0	22568.0	152913.0	4100.0	12270.0	38405.0	11466.0	17425.0	41990.0	46962.0	112275.0	9725.0	12478.0	29860.0	14100.0	11905.0	37125.0	24711.0	14730.0	10125.0	3939.0	3645.0	14335.0	27671.0	34307.0	8231.0	8390.0	116897.0	16440.0	7408.0	21030.0	17045.0	14251.0	14678.0	61915.0	7770.0	27822.0	12723.0	14555.0	11655.0	11914.0	27793.0	4228.0	12869.0	95422.0	11781.0	56520.0	23117.0	9943.0	9592.0	21113.0	22918.0	25480.0	78390.0	30859.0	13059.0	8791.0	14388.0	7519.0	8026.0	12185.0	6535.0	27400.0	13582.0	11963.0	15112.0	7766.0	10470.0	25673.0	35324.0	115454.0	15501.0	100550.0	116698.0	10975.0	36490.0	15662.0	19537.0	56845.0	10715.0	11596.0	11544.0	18539.0	18171.0	7773.0	12937.0	11899.0	9705.0	53968.0	58796.0	11920.0	11985.0	9114.0	1063810.0	14313.0	14035.0	17317.0	18870.0	52077.0	18092.0	11081.0	11162.0	8780.0	14585.0	9752.0	104795.0
2025-10-30	11676.0	21565.0	24272.0	15940.0	23065.0	164725.0	4680.0	16000.0	52231.0	11770.0	18925.0	43800.0	53350.0	111637.0	9715.0	12220.0	34075.0	14635.0	12644.0	38275.0	27318.0	14585.0	11170.0	3745.0	3425.0	15585.0	29581.0	35982.0	8570.0	8185.0	116267.0	16321.0	7255.0	23130.0	20620.0	14545.0	15261.0	74860.0	7865.0	29355.0	12982.0	20480.0	16500.0	12151.0	29001.0	4321.0	13113.0	98434.0	11460.0	56645.0	24306.0	9509.0	8763.0	22206.0	24670.0	31875.0	76450.0	35922.0	14624.0	9860.0	18775.0	7968.0	8951.0	12271.0	6185.0	25770.0	14200.0	12073.0	14837.0	8800.0	11125.0	27994.0	37847.0	114683.0	16052.0	101171.0	116498.0	11025.0	45864.0	16190.0	20654.0	59600.0	10568.0	11526.0	12403.0	18191.0	18335.0	7902.0	13887.0	12136.0	9700.0	54096.0	60016.0	12165.0	12035.0	9191.0	1066190.0	14467.0	14772.0	18829.0	18965.0	53831.0	19303.0	11294.0	11358.0	9125.0	15943.0	10092.0	105020.0
2025-11-28	12433.0	22772.0	24531.0	14860.0	24319.0	164775.0	4495.0	13470.0	50731.0	12495.0	19425.0	49030.0	49950.0	109288.0	9340.0	12617.0	38820.0	14345.0	12175.0	38670.0	31620.0	15145.0	10130.0	3485.0	3350.0	16230.0	30035.0	36701.0	9003.0	8390.0	114326.0	16525.0	7462.0	22860.0	20015.0	14420.0	15047.0	72665.0	7865.0	28432.0	13510.0	18635.0	15135.0	12576.0	30362.0	4366.0	13545.0	100349.0	11733.0	56765.0	24894.0	9120.0	9130.0	22769.0	24685.0	28750.0	71200.0	34998.0	14243.0	10010.0	17930.0	7707.0	9178.0	12916.0	6380.0	27880.0	13154.0	11250.0	13934.0	8680.0	10575.0	27749.0	35279.0	113744.0	16211.0	101241.0	115405.0	11636.0	44041.0	16060.0	20055.0	48110.0	10801.0	12067.0	14132.0	18983.0	18550.0	7843.0	14351.0	12527.0	9730.0	54165.0	62005.0	12575.0	12696.0	9718.0	1068366.0	14621.0	15204.0	18160.0	19214.0	55204.0	20335.0	11608.0	11722.0	9416.0	16129.0	10331.0	105245.0
2025-12-30	12613.0	24808.0	23789.0	15235.0	25235.0	162802.0	4625.0	13300.0	56508.0	12280.0	21380.0	47975.0	51535.0	109180.0	9355.0	12390.0	38415.0	14965.0	12365.0	38990.0	30385.0	14960.0	10220.0	3250.0	3420.0	15740.0	30435.0	36666.0	8570.0	8030.0	114575.0	17160.0	7665.0	23315.0	21890.0	14565.0	15370.0	79495.0	7645.0	28575.0	13150.0	17060.0	13845.0	12260.0	30571.0	4410.0	13365.0	97645.0	11530.0	56910.0	24685.0	8905.0	8310.0	22515.0	24385.0	28585.0	70860.0	35797.0	14390.0	10375.0	20110.0	7715.0	8920.0	12866.0	6345.0	29005.0	12855.0	11445.0	13505.0	8770.0	10775.0	27340.0	34140.0	113810.0	16156.0	100964.0	115570.0	11641.0	46618.0	16200.0	20135.0	52115.0	10986.0	11938.0	13619.0	19581.0	18745.0	7659.0	13812.0	12314.0	9745.0	54315.0	60970.0	12345.0	12721.0	9689.0	1071229.0	14690.0	14280.0	18270.0	19404.0	52993.0	19545.0	11369.0	11569.0	9094.0	15752.0	9899.0	105495.0
2026-01-30	13485.0	31595.0	24605.0	21820.0	29680.0	163585.0	5915.0	15590.0	75370.0	13550.0	26820.0	52635.0	63200.0	107535.0	10430.0	12405.0	38595.0	15510.0	13600.0	40705.0	30525.0	16915.0	12645.0	3810.0	3465.0	20900.0	31580.0	37045.0	8125.0	8815.0	113390.0	19965.0	7860.0	24195.0	27795.0	15130.0	15695.0	100930.0	7545.0	28675.0	13010.0	21180.0	17370.0	12170.0	30465.0	4510.0	13325.0	96930.0	11700.0	57040.0	24675.0	9035.0	8670.0	22550.0	24495.0	34375.0	66505.0	40370.0	15635.0	11450.0	29760.0	8380.0	9855.0	13530.0	6360.0	35440.0	13150.0	12850.0	12465.0	9445.0	11245.0	28520.0	37920.0	112480.0	16370.0	100560.0	115345.0	12230.0	57200.0	16200.0	20200.0	68505.0	11550.0	12390.0	13275.0	18760.0	18600.0	7560.0	13155.0	12350.0	9770.0	54470.0	61125.0	12370.0	13360.0	10200.0	1073565.0	15160.0	14350.0	18220.0	19540.0	52345.0	19330.0	11360.0	11625.0	8985.0	15405.0	9785.0	105740.0
